doctor_id,degree_centrality
1861484545.0,0.08333333333333333
1578692612.0,0.041666666666666664
1831464965.0,0.041666666666666664
1619939337.0,0.08333333333333333
1104969740.0,0.041666666666666664
1922187277.0,0.041666666666666664
1255309324.0,0.041666666666666664
1861509135.0,0.041666666666666664
1548365836.0,0.041666666666666664
1922072594.0,0.041666666666666664
1275543571.0,0.125
1700851730.0,0.08333333333333333
1578639381.0,0.041666666666666664
1174548499.0,0.08333333333333333
1851371538.0,0.041666666666666664
1992888341.0,0.041666666666666664
1285963801.0,0.16666666666666666
1770844185.0,0.08333333333333333
1902874654.0,0.041666666666666664
1164492831.0,0.08333333333333333
1568407583.0,0.041666666666666664
1366433823.0,0.041666666666666664
1215049762.0,0.041666666666666664
1851318307.0,0.16666666666666666
1093734436.0,0.041666666666666664
1124061221.0,0.08333333333333333
1871769638.0,0.041666666666666664
1073573929.0,0.041666666666666664
1174708267.0,0.041666666666666664
1134149677.0,0.08333333333333333
1093713968.0,0.08333333333333333
1639329840.0,0.041666666666666664
1063678001.0,0.08333333333333333
1902833718.0,0.16666666666666666
1174732861.0,0.041666666666666664
1023209533.0,0.125
1780682815.0,0.125
1780645952.0,0.08333333333333333
1639366727.0,0.25
1447419981.0,0.29166666666666663
1205821519.0,0.041666666666666664
1730121807.0,0.041666666666666664
1568424018.0,0.125
1629229141.0,0.08333333333333333
1821392986.0,0.041666666666666664
1043202138.0,0.041666666666666664
1104912476.0,0.16666666666666666
1194729566.0,0.041666666666666664
1598865503.0,0.041666666666666664
1306837091.0,0.08333333333333333
1639161961.0,0.08333333333333333
1962811497.0,0.041666666666666664
1093853293.0,0.041666666666666664
1659412591.0,0.041666666666666664
1003143280.0,0.041666666666666664
1659572337.0,0.041666666666666664
1467428979.0,0.041666666666666664
1639141492.0,0.041666666666666664
1891962999.0,0.041666666666666664
1760456826.0,0.041666666666666664
1184612475.0,0.041666666666666664
1447243902.0,0.041666666666666664
1780818047.0,0.125
1134276736.0,0.3333333333333333
1528066180.0,0.25
1497747588.0,0.041666666666666664
1508868233.0,0.08333333333333333
1144213646.0,0.20833333333333331
1457369233.0,0.16666666666666666
1427046556.0,0.041666666666666664
1740214428.0,0.041666666666666664
1215082656.0,0.041666666666666664
1073545380.0,0.041666666666666664
1619984549.0,0.041666666666666664
1184030884.0,0.041666666666666664
1164472486.0,0.08333333333333333
1396064424.0,0.08333333333333333
1457311912.0,0.041666666666666664
1588650154.0,0.041666666666666664
1891774634.0,0.041666666666666664
1518121136.0,0.041666666666666664
1356374193.0,0.16666666666666666
1205137585.0,0.041666666666666664
1033326772.0,0.041666666666666664
1598853301.0,0.375
1366454456.0,0.041666666666666664
1255366845.0,0.041666666666666664
1154351294.0,0.125
1629089982.0,0.08333333333333333
1932378304.0,0.041666666666666664
1235103938.0,0.041666666666666664
1881669828.0,0.041666666666666664
1164644548.0,0.20833333333333331
1134129349.0,0.041666666666666664
1144586439.0,0.125
1316942022.0,0.08333333333333333
1255338182.0,0.041666666666666664
1972502730.0,0.041666666666666664
1215934666.0,0.08333333333333333
1114988748.0,0.08333333333333333
1013989581.0,0.041666666666666664
1659384014.0,0.20833333333333331
1598759128.0,0.041666666666666664
1437266137.0,0.041666666666666664
1427013853.0,0.041666666666666664
1033183454.0,0.08333333333333333
1902854367.0,0.041666666666666664
1801048285.0,0.041666666666666664
1194721506.0,0.041666666666666664
1699774695.0,0.041666666666666664
1457631467.0,0.041666666666666664
1407111404.0,0.08333333333333333
1245262062.0,0.041666666666666664
1730523374.0,0.041666666666666664
1275535601.0,0.041666666666666664
1144213745.0,0.041666666666666664
1780637942.0,0.041666666666666664
1861443830.0,0.041666666666666664
1720074487.0,0.08333333333333333
1235353848.0,0.041666666666666664
1861746935.0,0.041666666666666664
1770520827.0,0.041666666666666664
1093751034.0,0.08333333333333333
1316983034.0,0.041666666666666664
1558687996.0,0.041666666666666664
1922158849.0,0.16666666666666666
1205883139.0,0.25
1902805252.0,0.20833333333333331
1114927365.0,0.041666666666666664
1093034258.0,0.041666666666666664
1285628180.0,0.041666666666666664
1851384085.0,0.08333333333333333
1407189269.0,0.041666666666666664
1447256342.0,0.041666666666666664
1306874136.0,0.08333333333333333
1194721563.0,0.041666666666666664
1407267099.0,0.25
1164488987.0,0.041666666666666664
1871536417.0,0.041666666666666664
1669419297.0,0.041666666666666664
1275584807.0,0.041666666666666664
1427005735.0,0.041666666666666664
1154384170.0,0.041666666666666664
1053319467.0,0.041666666666666664
1841377579.0,0.041666666666666664
1629008172.0,0.25
1700913456.0,0.25
1447358775.0,0.041666666666666664
1376567610.0,0.041666666666666664
1487970620.0,0.041666666666666664
1043292477.0,0.08333333333333333
1366434110.0,0.041666666666666664
1366544710.0,0.125
1801810247.0,0.375
1477644615.0,0.041666666666666664
1295774024.0,0.041666666666666664
1629032776.0,0.041666666666666664
1174819148.0,0.08333333333333333
1871778126.0,0.041666666666666664
1033150800.0,0.041666666666666664
1972728145.0,0.25
1003868498.0,0.041666666666666664
1013915990.0,0.041666666666666664
1386930519.0,0.041666666666666664
1952465239.0,0.041666666666666664
1063620953.0,0.041666666666666664
1912942939.0,0.041666666666666664
1891815775.0,0.041666666666666664
1457463648.0,0.041666666666666664
1790767457.0,0.041666666666666664
1780097378.0,0.041666666666666664
1528078698.0,0.041666666666666664
1386643823.0,0.041666666666666664
1922273648.0,0.041666666666666664
1891721585.0,0.041666666666666664
1639121270.0,0.041666666666666664
1992778104.0,0.125
1730339193.0,0.041666666666666664
1932181880.0,0.041666666666666664
1639162241.0,0.041666666666666664
1134264708.0,0.041666666666666664
1548222854.0,0.041666666666666664
1932140936.0,0.041666666666666664
1083683213.0,0.041666666666666664
1881797009.0,0.08333333333333333
1770533267.0,0.25
1679573398.0,0.125
1700868502.0,0.041666666666666664
1992847768.0,0.041666666666666664
1356382618.0,0.041666666666666664
1639158173.0,0.041666666666666664
1952375198.0,0.08333333333333333
1972539807.0,0.041666666666666664
1427050913.0,0.041666666666666664
1174593958.0,0.08333333333333333
1740296615.0,0.08333333333333333
1669468583.0,0.041666666666666664
1316118953.0,0.041666666666666664
1285788075.0,0.08333333333333333
1366499758.0,0.125
1891008942.0,0.041666666666666664
1235173808.0,0.041666666666666664
1457607087.0,0.041666666666666664
1720111537.0,0.041666666666666664
1457377715.0,0.041666666666666664
1073504692.0,0.041666666666666664
1104138676.0,0.041666666666666664
1417994682.0,0.25
1578529210.0,0.041666666666666664
1053524413.0,0.041666666666666664
1437151677.0,0.08333333333333333
1033257407.0,0.041666666666666664
1922113984.0,0.041666666666666664
1700258241.0,0.041666666666666664
1619374527.0,0.041666666666666664
1912902081.0,0.041666666666666664
1720058308.0,0.041666666666666664
1902846405.0,0.08333333333333333
1053315523.0,0.08333333333333333
1427120583.0,0.041666666666666664
1922093509.0,0.041666666666666664
1952563660.0,0.08333333333333333
1306931662.0,0.041666666666666664
1982718417.0,0.041666666666666664
1326121427.0,0.125
1992700371.0,0.125
1629057492.0,0.041666666666666664
1427284439.0,0.041666666666666664
1689649626.0,0.041666666666666664
1144242660.0,0.08333333333333333
1548444136.0,0.08333333333333333
1053520361.0,0.041666666666666664
1417224684.0,0.125
1841287661.0,0.041666666666666664
1477513711.0,0.041666666666666664
1740280304.0,0.08333333333333333
1548366321.0,0.041666666666666664
1972953586.0,0.041666666666666664
1528082930.0,0.125
1588642292.0,0.125
1528050168.0,0.041666666666666664
1912947193.0,0.041666666666666664
1023304185.0,0.041666666666666664
1992741375.0,0.041666666666666664
1245225473.0,0.3333333333333333
1669460481.0,0.3333333333333333
1164636676.0,0.08333333333333333
1326215690.0,0.041666666666666664
1194729996.0,0.08333333333333333
1265893903.0,0.041666666666666664
1598743064.0,0.041666666666666664
1528099355.0,0.041666666666666664
1053434399.0,0.3333333333333333
1215955489.0,0.041666666666666664
1346662947.0,0.041666666666666664
1710920228.0,0.041666666666666664
1275519530.0,0.08333333333333333
1750762027.0,0.041666666666666664
1558368811.0,0.041666666666666664
1831191089.0,0.3333333333333333
1992737332.0,0.041666666666666664
1295733301.0,0.20833333333333331
1285653048.0,0.041666666666666664
1578553913.0,0.041666666666666664
1881870905.0,0.041666666666666664
1538118203.0,0.041666666666666664
1477841468.0,0.041666666666666664
1386955326.0,0.08333333333333333
1700856382.0,0.041666666666666664
1548239429.0,0.125
1104806470.0,0.041666666666666664
1669616199.0,0.041666666666666664
1669411401.0,0.08333333333333333
1790825040.0,0.041666666666666664
1356317267.0,0.041666666666666664
1003876947.0,0.041666666666666664
1952391765.0,0.08333333333333333
1154335321.0,0.125
1992798813.0,0.041666666666666664
1093833311.0,0.08333333333333333
1710240353.0,0.041666666666666664
1225020001.0,0.041666666666666664
1912984170.0,0.125
1962472043.0,0.041666666666666664
1598980724.0,0.08333333333333333
1285624437.0,0.041666666666666664
1487831673.0,0.041666666666666664
1124102777.0,0.041666666666666664
1497789051.0,0.041666666666666664
1548247679.0,0.08333333333333333
1891791489.0,0.08333333333333333
1154396802.0,0.125
1467482760.0,0.08333333333333333
1013985936.0,0.041666666666666664
1568789139.0,0.041666666666666664
1710391958.0,0.041666666666666664
1447252630.0,0.041666666666666664
1356653208.0,0.041666666666666664
1194791574.0,0.08333333333333333
1376703132.0,0.08333333333333333
1205834397.0,0.125
1396740767.0,0.041666666666666664
1598739104.0,0.041666666666666664
1508807330.0,0.125
1467454116.0,0.041666666666666664
1306882725.0,0.08333333333333333
1669427878.0,0.041666666666666664
1780609701.0,0.041666666666666664
1346204328.0,0.08333333333333333
1598730921.0,0.041666666666666664
1063621290.0,0.041666666666666664
1619165867.0,0.125
1700025004.0,0.041666666666666664
1124065966.0,0.125
1962402479.0,0.125
1295737518.0,0.041666666666666664
1811251887.0,0.08333333333333333
1164587697.0,0.20833333333333331
1336136373.0,0.041666666666666664
1013371574.0,0.041666666666666664
1356333751.0,0.041666666666666664
1497739957.0,0.041666666666666664
1013064377.0,0.08333333333333333
1760559801.0,0.041666666666666664
1578500799.0,0.08333333333333333
1902809791.0,0.041666666666666664
1588617922.0,0.08333333333333333
1871667907.0,0.08333333333333333
1154372290.0,0.08333333333333333
1275630279.0,0.041666666666666664
1598767816.0,0.08333333333333333
1780818633.0,0.041666666666666664
1558389452.0,0.041666666666666664
1548243660.0,0.08333333333333333
1033327309.0,0.3333333333333333
1497789135.0,0.16666666666666666
1457709776.0,0.041666666666666664
1386914513.0,0.041666666666666664
1366422230.0,0.041666666666666664
1043325657.0,0.041666666666666664
1528046299.0,0.041666666666666664
1184817884.0,0.08333333333333333
1407877855.0,0.041666666666666664
1467491050.0,0.041666666666666664
1962476267.0,0.125
1831142124.0,0.08333333333333333
1528079084.0,0.041666666666666664
1124016878.0,0.041666666666666664
1518007020.0,0.08333333333333333
1770746604.0,0.041666666666666664
1811960560.0,0.08333333333333333
1932587763.0,0.041666666666666664
1881686772.0,0.041666666666666664
1750573812.0,0.08333333333333333
1144353525.0,0.041666666666666664
1487655676.0,0.041666666666666664
1689629438.0,0.08333333333333333
1932112638.0,0.041666666666666664
1558463232.0,0.041666666666666664
1255338752.0,0.041666666666666664
1437156098.0,0.041666666666666664
1124373246.0,0.041666666666666664
1629049606.0,0.08333333333333333
1942237961.0,0.041666666666666664
1790776078.0,0.041666666666666664
1053311761.0,0.08333333333333333
1093796625.0,0.041666666666666664
1720079122.0,0.041666666666666664
1164485397.0,0.041666666666666664
1871545111.0,0.041666666666666664
1023197977.0,0.08333333333333333
1770529562.0,0.041666666666666664
1043284763.0,0.041666666666666664
1386689305.0,0.041666666666666664
1134502685.0,0.041666666666666664
1699762971.0,0.08333333333333333
1639195423.0,0.08333333333333333
1699783456.0,0.041666666666666664
1710932769.0,0.08333333333333333
1841386273.0,0.041666666666666664
1295774503.0,0.041666666666666664
1881633576.0,0.041666666666666664
1952367401.0,0.08333333333333333
1417118506.0,0.25
1982636841.0,0.08333333333333333
1184629552.0,0.041666666666666664
1841226545.0,0.041666666666666664
1194083121.0,0.041666666666666664
1417937715.0,0.25
1942246194.0,0.041666666666666664
1275597619.0,0.041666666666666664
1447224118.0,0.041666666666666664
1336140599.0,0.08333333333333333
1407906613.0,0.041666666666666664
1861485369.0,0.041666666666666664
1003807546.0,0.041666666666666664
1063457596.0,0.08333333333333333
1477628733.0,0.125
1568645950.0,0.041666666666666664
1154331452.0,0.08333333333333333
1467614016.0,0.08333333333333333
1699738435.0,0.041666666666666664
1063633733.0,0.041666666666666664
1629025093.0,0.041666666666666664
1366795080.0,0.08333333333333333
1568498509.0,0.041666666666666664
1760617294.0,0.041666666666666664
1821160276.0,0.08333333333333333
1508840281.0,0.041666666666666664
1104802651.0,0.041666666666666664
1962443614.0,0.08333333333333333
1306927967.0,0.041666666666666664
1528263522.0,0.041666666666666664
1306133350.0,0.041666666666666664
1952346983.0,0.08333333333333333
1578546024.0,0.16666666666666666
1376580456.0,0.041666666666666664
1104810860.0,0.041666666666666664
1104896877.0,0.041666666666666664
1487631214.0,0.041666666666666664
1336107887.0,0.041666666666666664
1124348784.0,0.041666666666666664
1508184953.0,0.25
1912009598.0,0.041666666666666664
1841255296.0,0.041666666666666664
1013998467.0,0.08333333333333333
1255449476.0,0.125
1891144580.0,0.041666666666666664
1306125190.0,0.041666666666666664
1619125127.0,0.041666666666666664
1609892744.0,0.041666666666666664
1932194701.0,0.08333333333333333
1932362639.0,0.041666666666666664
1548280720.0,0.08333333333333333
1992790927.0,0.20833333333333331
1215943568.0,0.08333333333333333
1699754895.0,0.041666666666666664
1447682968.0,0.041666666666666664
1891181467.0,0.08333333333333333
1598759847.0,0.08333333333333333
1619911591.0,0.041666666666666664
1710109608.0,0.041666666666666664
1932342185.0,0.041666666666666664
1326289836.0,0.08333333333333333
1700045747.0,0.08333333333333333
1568482230.0,0.08333333333333333
1720325046.0,0.041666666666666664
1508062134.0,0.041666666666666664
1124029368.0,0.16666666666666666
1184666554.0,0.041666666666666664
1780663229.0,0.041666666666666664
1942262720.0,0.08333333333333333
1649316803.0,0.041666666666666664
1275585481.0,0.41666666666666663
1730147273.0,0.08333333333333333
1629115340.0,0.08333333333333333
1770558413.0,0.4583333333333333
1275691982.0,0.125
1487668174.0,0.16666666666666666
1477530574.0,0.041666666666666664
1629049804.0,0.041666666666666664
1720329170.0,0.08333333333333333
1891722195.0,0.041666666666666664
1942238159.0,0.041666666666666664
1992717268.0,0.041666666666666664
1104864214.0,0.041666666666666664
1376568279.0,0.041666666666666664
1407140825.0,0.041666666666666664
1962415067.0,0.041666666666666664
1881846749.0,0.20833333333333331
1730167776.0,0.20833333333333331
1114227683.0,0.041666666666666664
1124025317.0,0.041666666666666664
1194722280.0,0.08333333333333333
1083614192.0,0.375
1306010608.0,0.041666666666666664
1790788594.0,0.041666666666666664
1033110515.0,0.041666666666666664
1508987892.0,0.08333333333333333
1285633016.0,0.041666666666666664
1417909243.0,0.041666666666666664
1366418428.0,0.041666666666666664
1073771515.0,0.3333333333333333
1841218559.0,0.08333333333333333
1619948544.0,0.041666666666666664
1609843721.0,0.08333333333333333
1598759946.0,0.041666666666666664
1295000586.0,0.041666666666666664
1093731341.0,0.041666666666666664
1144267790.0,0.08333333333333333
1790047249.0,0.125
1568490514.0,0.041666666666666664
1144386582.0,0.041666666666666664
1316234263.0,0.041666666666666664
1518056472.0,0.5
1508946971.0,0.041666666666666664
1689691164.0,0.08333333333333333
1396737052.0,0.041666666666666664
1780683805.0,0.041666666666666664
1689601056.0,0.041666666666666664
1093911588.0,0.08333333333333333
1588761639.0,0.041666666666666664
1326093352.0,0.29166666666666663
1821127721.0,0.08333333333333333
1417094186.0,0.041666666666666664
1497723944.0,0.041666666666666664
1770570798.0,0.041666666666666664
1609913391.0,0.041666666666666664
1477583920.0,0.20833333333333331
1447220272.0,0.125
1376515122.0,0.125
1417917493.0,0.041666666666666664
1922004027.0,0.041666666666666664
1417225277.0,0.16666666666666666
1508860990.0,0.041666666666666664
1467446336.0,0.041666666666666664
1902109762.0,0.041666666666666664
1184695363.0,0.041666666666666664
1487975496.0,0.041666666666666664
1700820040.0,0.041666666666666664
1689625675.0,0.041666666666666664
1598788689.0,0.08333333333333333
1639318611.0,0.041666666666666664
1952392276.0,0.041666666666666664
1619911765.0,0.08333333333333333
1205851219.0,0.041666666666666664
1821094996.0,0.041666666666666664
1821013079.0,0.08333333333333333
1568515161.0,0.08333333333333333
1790714970.0,0.08333333333333333
1952400475.0,0.125
1629066329.0,0.41666666666666663
1437181021.0,0.041666666666666664
1760531545.0,0.41666666666666663
1871713370.0,0.041666666666666664
1588622427.0,0.08333333333333333
1710290010.0,0.041666666666666664
1770599516.0,0.041666666666666664
1316250723.0,0.041666666666666664
1932366945.0,0.08333333333333333
1760638050.0,0.16666666666666666
1255302246.0,0.041666666666666664
1962407015.0,0.125
1245205608.0,0.041666666666666664
1669481578.0,0.41666666666666663
1144394859.0,0.041666666666666664
1871602797.0,0.041666666666666664
1689793648.0,0.08333333333333333
1205826674.0,0.041666666666666664
1821078643.0,0.041666666666666664
1457796211.0,0.041666666666666664
1558324343.0,0.041666666666666664
1215124599.0,0.08333333333333333
1215984760.0,0.16666666666666666
1053332601.0,0.041666666666666664
1023218815.0,0.16666666666666666
1275778177.0,0.041666666666666664
1154327682.0,0.041666666666666664
1861710980.0,0.3333333333333333
1467417733.0,0.041666666666666664
1154696326.0,0.041666666666666664
1356383368.0,0.20833333333333331
1427055755.0,0.041666666666666664
1629082763.0,0.41666666666666663
1427088525.0,0.08333333333333333
1891746962.0,0.041666666666666664
1104897172.0,0.041666666666666664
1902802069.0,0.125
1124021399.0,0.041666666666666664
1477813400.0,0.041666666666666664
1760433304.0,0.041666666666666664
1639171226.0,0.041666666666666664
1811997851.0,0.08333333333333333
1023259801.0,0.08333333333333333
1841226909.0,0.041666666666666664
1427117209.0,0.041666666666666664
1164424347.0,0.125
1366402208.0,0.125
1578513560.0,0.041666666666666664
1396741278.0,0.125
1740235944.0,0.08333333333333333
1932149929.0,0.125
1457325227.0,0.041666666666666664
1588638894.0,0.41666666666666663
1952392367.0,0.125
1710195888.0,0.125
1790764207.0,0.08333333333333333
1184625840.0,0.08333333333333333
1740297399.0,0.041666666666666664
1922450618.0,0.041666666666666664
1508181181.0,0.041666666666666664
1932362944.0,0.29166666666666663
1851774145.0,0.041666666666666664
1336149186.0,0.20833333333333331
1225090244.0,0.08333333333333333
1578661070.0,0.041666666666666664
1235215567.0,0.16666666666666666
1326023888.0,0.3333333333333333
1629037775.0,0.041666666666666664
1356383442.0,0.08333333333333333
1376564435.0,0.08333333333333333
1528087764.0,0.16666666666666666
1134306517.0,0.041666666666666664
1851356372.0,0.16666666666666666
1730180308.0,0.08333333333333333
1760478424.0,0.20833333333333331
1326081241.0,0.08333333333333333
1841255643.0,0.41666666666666663
1013171420.0,0.041666666666666664
1568429280.0,0.041666666666666664
1710085345.0,0.041666666666666664
1730147554.0,0.041666666666666664
1053385955.0,0.08333333333333333
1124009188.0,0.041666666666666664
1609037027.0,0.08333333333333333
1891792099.0,0.041666666666666664
1831199975.0,0.08333333333333333
1972815082.0,0.125
1629017322.0,0.041666666666666664
1750439147.0,0.041666666666666664
1609045228.0,0.041666666666666664
1083618540.0,0.08333333333333333
1912993007.0,0.08333333333333333
1922196724.0,0.375
1457550584.0,0.041666666666666664
1780606202.0,0.08333333333333333
1891087615.0,0.041666666666666664
1265431811.0,0.041666666666666664
1154532612.0,0.20833333333333331
1396847877.0,0.041666666666666664
1861494023.0,0.29166666666666663
1689601288.0,0.041666666666666664
1649276171.0,0.041666666666666664
1740268812.0,0.125
1255331088.0,0.125
1053431056.0,0.041666666666666664
1215980818.0,0.041666666666666664
1841562899.0,0.041666666666666664
1245259027.0,0.041666666666666664
1134191893.0,0.041666666666666664
1871820050.0,0.16666666666666666
1538585880.0,0.041666666666666664
1871889691.0,0.041666666666666664
1972815132.0,0.20833333333333331
1740363035.0,0.08333333333333333
1144292640.0,0.08333333333333333
1003857186.0,0.041666666666666664
1164490025.0,0.041666666666666664
1619961133.0,0.08333333333333333
1376630061.0,0.041666666666666664
1093756207.0,0.08333333333333333
1164457263.0,0.041666666666666664
1407116593.0,0.041666666666666664
1871553842.0,0.041666666666666664
1679512883.0,0.041666666666666664
1952625972.0,0.041666666666666664
1205028149.0,0.041666666666666664
1093936437.0,0.08333333333333333
1811998008.0,0.125
1851499834.0,0.041666666666666664
1073587515.0,0.08333333333333333
1740281146.0,0.041666666666666664
1649210683.0,0.041666666666666664
1427084607.0,0.041666666666666664
1174586689.0,0.08333333333333333
1487017281.0,0.041666666666666664
1942283593.0,0.041666666666666664
1568441673.0,0.08333333333333333
1952326985.0,0.041666666666666664
1750320461.0,0.41666666666666663
1174521165.0,0.041666666666666664
1245545813.0,0.041666666666666664
1013437789.0,0.041666666666666664
1669485918.0,0.041666666666666664
1497863518.0,0.041666666666666664
1528407392.0,0.375
1487644001.0,0.041666666666666664
1396847968.0,0.041666666666666664
1548498272.0,0.041666666666666664
1366709602.0,0.041666666666666664
1770546533.0,0.041666666666666664
1598084451.0,0.041666666666666664
1083733349.0,0.041666666666666664
1124021605.0,0.041666666666666664
1184642407.0,0.20833333333333331
1487639910.0,0.041666666666666664
1497855340.0,0.041666666666666664
1073567087.0,0.041666666666666664
1902241136.0,0.041666666666666664
1386616175.0,0.041666666666666664
1194931568.0,0.041666666666666664
1770575219.0,0.08333333333333333
1750680948.0,0.041666666666666664
1831163252.0,0.041666666666666664
1245394295.0,0.20833333333333331
1205888377.0,0.041666666666666664
1912907130.0,0.29166666666666663
1427080571.0,0.08333333333333333
1689609596.0,0.041666666666666664
1689617789.0,0.08333333333333333
1104020858.0,0.125
1063822716.0,0.041666666666666664
1730323841.0,0.08333333333333333
1336477058.0,0.041666666666666664
1427113349.0,0.125
1619998085.0,0.041666666666666664
1396774279.0,0.041666666666666664
1154491785.0,0.08333333333333333
1326077322.0,0.041666666666666664
1801958798.0,0.041666666666666664
1013958032.0,0.041666666666666664
1023174034.0,0.125
1477760403.0,0.041666666666666664
1881691541.0,0.16666666666666666
1437181336.0,0.041666666666666664
1811187099.0,0.29166666666666663
1144292764.0,0.08333333333333333
1043228059.0,0.041666666666666664
1679537567.0,0.16666666666666666
1366435232.0,0.08333333333333333
1588643233.0,0.08333333333333333
1134196132.0,0.041666666666666664
1033401765.0,0.041666666666666664
1598961062.0,0.041666666666666664
1528075694.0,0.041666666666666664
1649431990.0,0.041666666666666664
1396164026.0,0.041666666666666664
1588811194.0,0.08333333333333333
1801024955.0,0.20833333333333331
1427011006.0,0.25
1568675270.0,0.041666666666666664
1124013511.0,0.125
1174963656.0,0.041666666666666664
1255302600.0,0.041666666666666664
1679549901.0,0.041666666666666664
1386792398.0,0.041666666666666664
1477715407.0,0.08333333333333333
1124193743.0,0.041666666666666664
1972520401.0,0.08333333333333333
1255327185.0,0.041666666666666664
1598739922.0,0.08333333333333333
1457362386.0,0.041666666666666664
1790019032.0,0.041666666666666664
1538151899.0,0.041666666666666664
1396946398.0,0.041666666666666664
1053570531.0,0.041666666666666664
1841649126.0,0.041666666666666664
1760478697.0,0.20833333333333331
1588618730.0,0.08333333333333333
1780688366.0,0.041666666666666664
1770550766.0,0.041666666666666664
1336124916.0,0.16666666666666666
1003296245.0,0.041666666666666664
1073657334.0,0.041666666666666664
1689617912.0,0.041666666666666664
1851614713.0,0.041666666666666664
1245586940.0,0.041666666666666664
1912968702.0,0.25
1548232192.0,0.041666666666666664
1447200258.0,0.125
1013978626.0,0.041666666666666664
1760458244.0,0.041666666666666664
1467454983.0,0.041666666666666664
1952364044.0,0.08333333333333333
1679500813.0,0.041666666666666664
1275565582.0,0.08333333333333333
1245271568.0,0.16666666666666666
1598756371.0,0.08333333333333333
1528051224.0,0.08333333333333333
1023026713.0,0.041666666666666664
1326114331.0,0.041666666666666664
1669477915.0,0.041666666666666664
1649341983.0,0.29166666666666663
1871595041.0,0.041666666666666664
1871570465.0,0.041666666666666664
1235154469.0,0.08333333333333333
1194706473.0,0.041666666666666664
1619973674.0,0.16666666666666666
1255691820.0,0.08333333333333333
1427056175.0,0.041666666666666664
1568482867.0,0.041666666666666664
1134216757.0,0.041666666666666664
1326061110.0,0.041666666666666664
1073530424.0,0.041666666666666664
1306805817.0,0.041666666666666664
1922065978.0,0.041666666666666664
1528051257.0,0.08333333333333333
1447454269.0,0.125
1710986815.0,0.08333333333333333
1750390340.0,0.041666666666666664
1326257734.0,0.041666666666666664
1154328136.0,0.125
1083647564.0,0.041666666666666664
1023125069.0,0.041666666666666664
1558324814.0,0.16666666666666666
1447224910.0,0.041666666666666664
1104856657.0,0.3333333333333333
1801090642.0,0.041666666666666664
1760417364.0,0.041666666666666664
1003120213.0,0.08333333333333333
1417967191.0,0.041666666666666664
1417975384.0,0.041666666666666664
1649407578.0,0.041666666666666664
1598785115.0,0.041666666666666664
1114932829.0,0.125
1881646685.0,0.041666666666666664
1821070947.0,0.041666666666666664
1164486247.0,0.041666666666666664
1356338792.0,0.125
1053349480.0,0.041666666666666664
1447229034.0,0.041666666666666664
1164420717.0,0.041666666666666664
1477559920.0,0.041666666666666664
1881650802.0,0.041666666666666664
1548228216.0,0.08333333333333333
1780655738.0,0.041666666666666664
1639118458.0,0.125
1376507517.0,0.041666666666666664
1245214337.0,0.08333333333333333
1598748295.0,0.041666666666666664
1255347852.0,0.041666666666666664
1285658252.0,0.041666666666666664
1841223310.0,0.041666666666666664
1629103759.0,0.041666666666666664
1366705808.0,0.041666666666666664
1508128398.0,0.041666666666666664
1346320017.0,0.041666666666666664
1518970516.0,0.125
1699985044.0,0.041666666666666664
1427240597.0,0.041666666666666664
1619957396.0,0.041666666666666664
1427281559.0,0.041666666666666664
1790760601.0,0.041666666666666664
1154385565.0,0.08333333333333333
1295931038.0,0.16666666666666666
1356375711.0,0.20833333333333331
1588762272.0,0.041666666666666664
1700886181.0,0.08333333333333333
1104869031.0,0.125
1881687721.0,0.08333333333333333
1568437929.0,0.041666666666666664
1427105451.0,0.08333333333333333
1578526380.0,0.08333333333333333
1740232362.0,0.125
1821034158.0,0.08333333333333333
1831147180.0,0.041666666666666664
1295042224.0,0.041666666666666664
1396700845.0,0.041666666666666664
1033115316.0,0.041666666666666664
1588827828.0,0.041666666666666664
1902007990.0,0.041666666666666664
1255311031.0,0.041666666666666664
1962428094.0,0.041666666666666664
1558361790.0,0.41666666666666663
1588618946.0,0.041666666666666664
1457317570.0,0.041666666666666664
1477523140.0,0.041666666666666664
1366656712.0,0.08333333333333333
1497753289.0,0.041666666666666664
1114289865.0,0.08333333333333333
1609856723.0,0.16666666666666666
1639159510.0,0.08333333333333333
1275791063.0,0.041666666666666664
1902929623.0,0.041666666666666664
1396795100.0,0.041666666666666664
1649387234.0,0.041666666666666664
1629390562.0,0.041666666666666664
1215071972.0,0.08333333333333333
1104848613.0,0.041666666666666664
1922111210.0,0.041666666666666664
1881687788.0,0.041666666666666664
1336190701.0,0.041666666666666664
1548523244.0,0.041666666666666664
1639175920.0,0.041666666666666664
1922008820.0,0.041666666666666664
1538361076.0,0.041666666666666664
1477781243.0,0.08333333333333333
1104901883.0,0.041666666666666664
1649276668.0,0.08333333333333333
1225357064.0,0.041666666666666664
1346266889.0,0.08333333333333333
1619932936.0,0.08333333333333333
1922045707.0,0.041666666666666664
1396737805.0,0.125
1942275854.0,0.041666666666666664
1902892813.0,0.041666666666666664
1609869072.0,0.041666666666666664
1801860879.0,0.041666666666666664
1386063634.0,0.041666666666666664
1982600987.0,0.08333333333333333
1396856605.0,0.041666666666666664
1780655902.0,0.041666666666666664
1104881440.0,0.041666666666666664
1255323424.0,0.08333333333333333
1962596130.0,0.08333333333333333
1962477349.0,0.041666666666666664
1508833062.0,0.041666666666666664
1760577324.0,0.25
1730344748.0,0.125
1003992876.0,0.041666666666666664
1295775534.0,0.041666666666666664
1225131824.0,0.041666666666666664
1184622391.0,0.08333333333333333
1104824119.0,0.041666666666666664
1629038393.0,0.041666666666666664
1558353722.0,0.08333333333333333
1720096571.0,0.041666666666666664
1447278395.0,0.041666666666666664
1548203839.0,0.20833333333333331
1962604355.0,0.041666666666666664
1811949381.0,0.125
1932191558.0,0.08333333333333333
1962485573.0,0.08333333333333333
1821062985.0,0.041666666666666664
1548232523.0,0.041666666666666664
1831102284.0,0.041666666666666664
1326167883.0,0.125
1215924048.0,0.041666666666666664
1740384080.0,0.041666666666666664
1205802832.0,0.08333333333333333
1780787028.0,0.041666666666666664
1427040088.0,0.16666666666666666
1942292313.0,0.041666666666666664
1639176027.0,0.041666666666666664
1124226907.0,0.041666666666666664
1306879838.0,0.08333333333333333
1316042591.0,0.20833333333333331
1124083555.0,0.041666666666666664
1043277668.0,0.041666666666666664
1598056293.0,0.29166666666666663
1437140837.0,0.125
1841264488.0,0.041666666666666664
1194780528.0,0.041666666666666664
1699776369.0,0.041666666666666664
1437124468.0,0.25
1588655989.0,0.041666666666666664
1528022902.0,0.041666666666666664
1801987961.0,0.041666666666666664
1457350522.0,0.041666666666666664
1881638781.0,0.125
1548240773.0,0.041666666666666664
1548425093.0,0.08333333333333333
1730103177.0,0.29166666666666663
1518929801.0,0.041666666666666664
1801885579.0,0.041666666666666664
1164453775.0,0.041666666666666664
1902901135.0,0.4583333333333333
1578710927.0,0.041666666666666664
1558464404.0,0.041666666666666664
1376515999.0,0.041666666666666664
1043257249.0,0.041666666666666664
1427056555.0,0.41666666666666663
1003894700.0,0.041666666666666664
1154344877.0,0.08333333333333333
1073502126.0,0.041666666666666664
1487636403.0,0.041666666666666664
1154717619.0,0.041666666666666664
1164548020.0,0.041666666666666664
1194760116.0,0.041666666666666664
1366554552.0,0.041666666666666664
1104275387.0,0.041666666666666664
1063511996.0,0.041666666666666664
1891764155.0,0.041666666666666664
1982621629.0,0.041666666666666664
1710036926.0,0.16666666666666666
1508845504.0,0.041666666666666664
1407899586.0,0.08333333333333333
1538377668.0,0.041666666666666664
1487607750.0,0.08333333333333333
1477793735.0,0.08333333333333333
1336309707.0,0.041666666666666664
1356380109.0,0.041666666666666664
1639118797.0,0.08333333333333333
1275500498.0,0.08333333333333333
1841379286.0,0.08333333333333333
1053632471.0,0.041666666666666664
1437353943.0,0.041666666666666664
1962452953.0,0.08333333333333333
1821075417.0,0.041666666666666664
1629009881.0,0.041666666666666664
1548380124.0,0.29166666666666663
1780750299.0,0.041666666666666664
1306073051.0,0.041666666666666664
1487644639.0,0.041666666666666664
1538136031.0,0.041666666666666664
1134192610.0,0.3333333333333333
1902893027.0,0.041666666666666664
1346574308.0,0.041666666666666664
1992816615.0,0.041666666666666664
1508898792.0,0.041666666666666664
1386829802.0,0.041666666666666664
1477552107.0,0.041666666666666664
1326450669.0,0.041666666666666664
1316108269.0,0.041666666666666664
1194911727.0,0.041666666666666664
1477531630.0,0.041666666666666664
1649227760.0,0.041666666666666664
1801881586.0,0.125
1487800306.0,0.041666666666666664
1184606196.0,0.041666666666666664
1184610289.0,0.041666666666666664
1295050748.0,0.041666666666666664
1497757694.0,0.041666666666666664
1225021439.0,0.16666666666666666
1760589824.0,0.08333333333333333
1982658563.0,0.08333333333333333
1407002629.0,0.041666666666666664
1245292556.0,0.041666666666666664
1164539920.0,0.08333333333333333
1639159825.0,0.041666666666666664
1366714388.0,0.08333333333333333
1790769172.0,0.041666666666666664
1124067350.0,0.041666666666666664
1609037845.0,0.041666666666666664
1710983192.0,0.041666666666666664
1619933207.0,0.041666666666666664
1386637338.0,0.041666666666666664
1194731547.0,0.25
1922131994.0,0.041666666666666664
1124227103.0,0.29166666666666663
1083693089.0,0.041666666666666664
1528051745.0,0.041666666666666664
1114908712.0,0.08333333333333333
1750566956.0,0.041666666666666664
1245526060.0,0.041666666666666664
1487607859.0,0.041666666666666664
1528039476.0,0.125
1508997180.0,0.041666666666666664
1770563645.0,0.16666666666666666
1669457982.0,0.20833333333333331
1356601405.0,0.041666666666666664
1982699583.0,0.08333333333333333
1326041153.0,0.041666666666666664
1376704577.0,0.041666666666666664
1689679938.0,0.041666666666666664
1629071428.0,0.041666666666666664
1033291844.0,0.041666666666666664
1013995588.0,0.041666666666666664
1215993928.0,0.041666666666666664
1023072329.0,0.041666666666666664
1376569418.0,0.125
1093838922.0,0.041666666666666664
1083664460.0,0.041666666666666664
1447245899.0,0.041666666666666664
1245222991.0,0.125
1265682512.0,0.041666666666666664
1902864465.0,0.041666666666666664
1407899727.0,0.041666666666666664
1275623506.0,0.16666666666666666
1467451476.0,0.125
1366866006.0,0.041666666666666664
1073514584.0,0.041666666666666664
1679558746.0,0.125
1982728283.0,0.041666666666666664
1639118938.0,0.041666666666666664
1639258205.0,0.08333333333333333
1093892192.0,0.08333333333333333
1801824354.0,0.375
1467426916.0,0.08333333333333333
1114273893.0,0.16666666666666666
1356306534.0,0.041666666666666664
1811155047.0,0.041666666666666664
1982040168.0,0.125
1386604650.0,0.08333333333333333
1992091755.0,0.041666666666666664
1427101807.0,0.125
1902098544.0,0.041666666666666664
1497716849.0,0.16666666666666666
1003886706.0,0.041666666666666664
1437124724.0,0.08333333333333333
1346283637.0,0.3333333333333333
1275586679.0,0.125
1982085239.0,0.041666666666666664
1275582587.0,0.041666666666666664
1205868668.0,0.125
1235122300.0,0.08333333333333333
1114974334.0,0.041666666666666664
1376508028.0,0.08333333333333333
1124137088.0,0.29166666666666663
1154549889.0,0.08333333333333333
1619130499.0,0.041666666666666664
1710938246.0,0.125
1063483527.0,0.041666666666666664
1760409734.0,0.08333333333333333
1629460621.0,0.041666666666666664
1356417166.0,0.25
1053345934.0,0.041666666666666664
1801930896.0,0.041666666666666664
1831209105.0,0.041666666666666664
1679534226.0,0.041666666666666664
1669453965.0,0.041666666666666664
1407064207.0,0.041666666666666664
1821178005.0,0.041666666666666664
1982830741.0,0.041666666666666664
1750345880.0,0.08333333333333333
1710979224.0,0.125
1104894104.0,0.041666666666666664
1669470365.0,0.041666666666666664
1154476190.0,0.041666666666666664
1083881635.0,0.041666666666666664
1003022500.0,0.125
1053571240.0,0.041666666666666664
1710966957.0,0.041666666666666664
1003849902.0,0.041666666666666664
1801246897.0,0.041666666666666664
1710327986.0,0.041666666666666664
1255569596.0,0.041666666666666664
1922267327.0,0.25
1891768511.0,0.08333333333333333
1982744769.0,0.08333333333333333
1457883332.0,0.041666666666666664
1225144520.0,0.29166666666666663
1669494985.0,0.041666666666666664
1922332873.0,0.041666666666666664
1902823628.0,0.041666666666666664
1508059346.0,0.08333333333333333
1346242773.0,0.041666666666666664
1053313239.0,0.041666666666666664
1841395928.0,0.08333333333333333
1922009307.0,0.041666666666666664
1033111778.0,0.29166666666666663
1699752162.0,0.125
1174526180.0,0.25
1861781734.0,0.041666666666666664
1518057702.0,0.08333333333333333
1528244456.0,0.041666666666666664
1770580201.0,0.041666666666666664
1033173224.0,0.041666666666666664
1376524520.0,0.16666666666666666
1831164136.0,0.08333333333333333
1992091888.0,0.125
1841301744.0,0.041666666666666664
1063467249.0,0.041666666666666664
1194088690.0,0.041666666666666664
1417140468.0,0.041666666666666664
1730169079.0,0.041666666666666664
1487980793.0,0.041666666666666664
1790880003.0,0.08333333333333333
1366448391.0,0.16666666666666666
1497782536.0,0.041666666666666664
1235224841.0,0.16666666666666666
1134115082.0,0.041666666666666664
1689901324.0,0.041666666666666664
1033177357.0,0.041666666666666664
1679837454.0,0.041666666666666664
1710094610.0,0.041666666666666664
1366472979.0,0.041666666666666664
1548548373.0,0.041666666666666664
1063434520.0,0.08333333333333333
1154705689.0,0.041666666666666664
1912015132.0,0.08333333333333333
1467480350.0,0.041666666666666664
1689663775.0,0.041666666666666664
1023109410.0,0.041666666666666664
1700886819.0,0.041666666666666664
1851488548.0,0.041666666666666664
1538328869.0,0.20833333333333331
1962653998.0,0.08333333333333333
1629169974.0,0.08333333333333333
1962441014.0,0.041666666666666664
1245231414.0,0.041666666666666664
1275513145.0,0.08333333333333333
1871554873.0,0.041666666666666664
1740282169.0,0.041666666666666664
1922529593.0,0.041666666666666664
1295702330.0,0.041666666666666664
1528064318.0,0.16666666666666666
1578715454.0,0.041666666666666664
1235171646.0,0.08333333333333333
1053317438.0,0.041666666666666664
1538136387.0,0.041666666666666664
1518958917.0,0.041666666666666664
1609849157.0,0.041666666666666664
1437288776.0,0.25
1124059464.0,0.041666666666666664
1124055371.0,0.08333333333333333
1548585292.0,0.041666666666666664
1649490251.0,0.041666666666666664
1184643405.0,0.125
1245522259.0,0.041666666666666664
1306827092.0,0.16666666666666666
1083689301.0,0.25
1598749012.0,0.041666666666666664
1467423061.0,0.041666666666666664
1972525400.0,0.041666666666666664
1437395290.0,0.041666666666666664
1235192154.0,0.041666666666666664
1962502492.0,0.125
1619990876.0,0.041666666666666664
1770580318.0,0.041666666666666664
1538328927.0,0.041666666666666664
1801169248.0,0.041666666666666664
1871542621.0,0.041666666666666664
1235581281.0,0.041666666666666664
1417107814.0,0.041666666666666664
1598765422.0,0.041666666666666664
1912969585.0,0.041666666666666664
1386662260.0,0.041666666666666664
1386932598.0,0.041666666666666664
1154312569.0,0.041666666666666664
1548224892.0,0.041666666666666664
1568455038.0,0.041666666666666664
1275525503.0,0.041666666666666664
1902233992.0,0.08333333333333333
1093986697.0,0.041666666666666664
1114929544.0,0.041666666666666664
1649256843.0,0.08333333333333333
1497979272.0,0.041666666666666664
1497135503.0,0.041666666666666664
1356360085.0,0.08333333333333333
1568827798.0,0.041666666666666664
1558686105.0,0.041666666666666664
1386658201.0,0.041666666666666664
1518279066.0,0.041666666666666664
1902049695.0,0.20833333333333331
1184643488.0,0.041666666666666664
1235138975.0,0.041666666666666664
1699719591.0,0.08333333333333333
1932536232.0,0.041666666666666664
1295718823.0,0.041666666666666664
1346546090.0,0.08333333333333333
1134102957.0,0.125
1417910704.0,0.08333333333333333
1568426419.0,0.08333333333333333
1801853379.0,0.041666666666666664
1528228293.0,0.041666666666666664
1548368327.0,0.041666666666666664
1598724551.0,0.041666666666666664
1588767180.0,0.25
1508825548.0,0.041666666666666664
1396701645.0,0.041666666666666664
1104820687.0,0.041666666666666664
1720080849.0,0.041666666666666664
1245350354.0,0.08333333333333333
1245424084.0,0.041666666666666664
1548573140.0,0.041666666666666664
1346234838.0,0.041666666666666664
1891846614.0,0.041666666666666664
1477511640.0,0.08333333333333333
1144322520.0,0.041666666666666664
1881696730.0,0.041666666666666664
1558469080.0,0.041666666666666664
1174518237.0,0.041666666666666664
1164483038.0,0.041666666666666664
1619036639.0,0.041666666666666664
1033173471.0,0.08333333333333333
1366555104.0,0.25
1952561631.0,0.08333333333333333
1831320035.0,0.041666666666666664
1548253669.0,0.041666666666666664
1952352742.0,0.041666666666666664
1104939495.0,0.08333333333333333
1194756593.0,0.041666666666666664
1497795058.0,0.08333333333333333
1023371762.0,0.041666666666666664
1720375793.0,0.29166666666666663
1578875381.0,0.041666666666666664
1285626358.0,0.041666666666666664
1437149689.0,0.041666666666666664
1447487996.0,0.041666666666666664
1508854274.0,0.375
1346390531.0,0.041666666666666664
1912908294.0,0.041666666666666664
1528007176.0,0.041666666666666664
1679522312.0,0.041666666666666664
1639148042.0,0.08333333333333333
1821133323.0,0.041666666666666664
1588722185.0,0.16666666666666666
1972984334.0,0.041666666666666664
1508071952.0,0.041666666666666664
1780066837.0,0.041666666666666664
1356786198.0,0.041666666666666664
1134381593.0,0.041666666666666664
1619102233.0,0.041666666666666664
1659386399.0,0.041666666666666664
1083677215.0,0.041666666666666664
1295723047.0,0.125
1144384041.0,0.041666666666666664
1396709929.0,0.041666666666666664
1629366828.0,0.041666666666666664
1730173485.0,0.041666666666666664
1780681262.0,0.08333333333333333
1285650994.0,0.041666666666666664
1245243955.0,0.08333333333333333
1821473331.0,0.041666666666666664
1194703413.0,0.08333333333333333
1104267830.0,0.041666666666666664
1982790200.0,0.041666666666666664
1104812601.0,0.041666666666666664
1326234170.0,0.041666666666666664
1396709945.0,0.041666666666666664
1346230844.0,0.041666666666666664
1689692733.0,0.041666666666666664
1255385662.0,0.041666666666666664
1558374983.0,0.041666666666666664
1609873991.0,0.125
1780738633.0,0.20833333333333331
1376586313.0,0.041666666666666664
1184864845.0,0.041666666666666664
1356458574.0,0.125
1366485583.0,0.08333333333333333
1306057294.0,0.041666666666666664
1346484813.0,0.041666666666666664
1417939539.0,0.041666666666666664
1720461908.0,0.041666666666666664
1841240660.0,0.041666666666666664
1568438869.0,0.041666666666666664
1780767319.0,0.5416666666666666
1992723035.0,0.041666666666666664
1902807647.0,0.041666666666666664
1164434015.0,0.125
1154648673.0,0.041666666666666664
1255307872.0,0.041666666666666664
1124096607.0,0.041666666666666664
1518074467.0,0.041666666666666664
1144228453.0,0.041666666666666664
1396968038.0,0.041666666666666664
1578678884.0,0.041666666666666664
1063496297.0,0.041666666666666664
1699748459.0,0.041666666666666664
1558387308.0,0.041666666666666664
1235331695.0,0.041666666666666664
1164417648.0,0.041666666666666664
1861519985.0,0.041666666666666664
1225181811.0,0.08333333333333333
1992825459.0,0.125
1194830455.0,0.125
1417128570.0,0.041666666666666664
1699773051.0,0.125
1528052347.0,0.041666666666666664
1215257217.0,0.041666666666666664
1801878145.0,0.08333333333333333
1780849281.0,0.041666666666666664
1649457797.0,0.041666666666666664
1275525768.0,0.041666666666666664
1265420939.0,0.041666666666666664
1447209614.0,0.041666666666666664
1649224338.0,0.041666666666666664
1871563411.0,0.125
1356364434.0,0.041666666666666664
1295788693.0,0.041666666666666664
1285847699.0,0.3333333333333333
1861438103.0,0.041666666666666664
1568758423.0,0.041666666666666664
1538124441.0,0.041666666666666664
1346280088.0,0.041666666666666664
1821080219.0,0.041666666666666664
1194785436.0,0.041666666666666664
1912261280.0,0.041666666666666664
1336310432.0,0.08333333333333333
1841429156.0,0.08333333333333333
1720040108.0,0.125
1154435758.0,0.041666666666666664
1942239918.0,0.041666666666666664
1861474991.0,0.041666666666666664
1255348918.0,0.041666666666666664
1669552824.0,0.041666666666666664
1174751929.0,0.3333333333333333
1467411132.0,0.041666666666666664
1669884607.0,0.041666666666666664
1881647808.0,0.08333333333333333
1225194178.0,0.08333333333333333
1548491459.0,0.041666666666666664
1154648772.0,0.08333333333333333
1942526660.0,0.041666666666666664
1275828931.0,0.041666666666666664
1609218759.0,0.08333333333333333
1508829896.0,0.041666666666666664
1275517641.0,0.08333333333333333
1083652812.0,0.041666666666666664
1841580750.0,0.041666666666666664
1700854478.0,0.16666666666666666
1417272014.0,0.041666666666666664
1073769170.0,0.041666666666666664
1124051669.0,0.041666666666666664
1881656023.0,0.041666666666666664
1992841944.0,0.041666666666666664
1285630681.0,0.041666666666666664
1972501211.0,0.08333333333333333
1144220385.0,0.041666666666666664
1215961826.0,0.041666666666666664
1558399717.0,0.041666666666666664
1013918440.0,0.041666666666666664
1588677355.0,0.041666666666666664
1013295856.0,0.16666666666666666
1639394034.0,0.08333333333333333
1790913267.0,0.041666666666666664
1235249913.0,0.125
1497803514.0,0.20833333333333331
1750801148.0,0.041666666666666664
1083661060.0,0.041666666666666664
1861454597.0,0.041666666666666664
1841482502.0,0.041666666666666664
1114925831.0,0.041666666666666664
1861622532.0,0.041666666666666664
1811258122.0,0.041666666666666664
1154382604.0,0.041666666666666664
1497725709.0,0.08333333333333333
1861462798.0,0.375
1588861710.0,0.25
1609927441.0,0.08333333333333333
1467415315.0,0.041666666666666664
1083620116.0,0.041666666666666664
1073974044.0,0.041666666666666664
1164491551.0,0.041666666666666664
1083607840.0,0.20833333333333331
1548643109.0,0.041666666666666664
1649281833.0,0.041666666666666664
1902033707.0,0.16666666666666666
1932299054.0,0.041666666666666664
1548258098.0,0.08333333333333333
1972579126.0,0.08333333333333333
1215990585.0,0.125
1053600569.0,0.041666666666666664
1295747897.0,0.041666666666666664
1518054204.0,0.125
1083960124.0,0.041666666666666664
1710988092.0,0.125
1437363009.0,0.041666666666666664
1376590661.0,0.041666666666666664
1033202502.0,0.041666666666666664
1205021516.0,0.041666666666666664
1750420303.0,0.041666666666666664
1427073873.0,0.041666666666666664
1538198353.0,0.041666666666666664
1619950417.0,0.08333333333333333
1427024728.0,0.3333333333333333
1831136092.0,0.08333333333333333
1598729055.0,0.08333333333333333
1346268000.0,0.041666666666666664
1689635682.0,0.125
1851382626.0,0.041666666666666664
1568414563.0,0.041666666666666664
1982606182.0,0.41666666666666663
1174580070.0,0.08333333333333333
1851313001.0,0.041666666666666664
1417186156.0,0.041666666666666664
1073515375.0,0.16666666666666666
1942293360.0,0.041666666666666664
1982688115.0,0.041666666666666664
1669479283.0,0.125
1306033014.0,0.041666666666666664
1962642298.0,0.041666666666666664
1194777466.0,0.08333333333333333
1710947197.0,0.125
1619979135.0,0.041666666666666664
1952320384.0,0.08333333333333333
1154550663.0,0.041666666666666664
1427024777.0,0.041666666666666664
1760422794.0,0.041666666666666664
1497947022.0,0.041666666666666664
1447259023.0,0.041666666666666664
1346214798.0,0.041666666666666664
1497754519.0,0.125
1225268121.0,0.041666666666666664
1528019866.0,0.041666666666666664
1174780829.0,0.041666666666666664
1962478495.0,0.041666666666666664
1669704607.0,0.041666666666666664
1366563744.0,0.20833333333333331
1033280417.0,0.041666666666666664
1255316386.0,0.125
1972738979.0,0.041666666666666664
1306885025.0,0.041666666666666664
1336155043.0,0.08333333333333333
1902824360.0,0.08333333333333333
1649241001.0,0.041666666666666664
1568697258.0,0.041666666666666664
1710132139.0,0.20833333333333331
1790946218.0,0.041666666666666664
1770527657.0,0.08333333333333333
1982667689.0,0.041666666666666664
1801890736.0,0.041666666666666664
1275567026.0,0.041666666666666664
1285958579.0,0.041666666666666664
1902848948.0,0.041666666666666664
1144294323.0,0.041666666666666664
1881693109.0,0.041666666666666664
1932512183.0,0.041666666666666664
1942293436.0,0.041666666666666664
1013193663.0,0.041666666666666664
1841249216.0,0.041666666666666664
1770798019.0,0.041666666666666664
1821096900.0,0.08333333333333333
1710955463.0,0.08333333333333333
1679789010.0,0.41666666666666663
1255353306.0,0.041666666666666664
1457470429.0,0.375
1497713630.0,0.08333333333333333
1306954722.0,0.041666666666666664
1487670246.0,0.125
1275517930.0,0.041666666666666664
1013914605.0,0.16666666666666666
1538137070.0,0.041666666666666664
1053391854.0,0.041666666666666664
1295875060.0,0.041666666666666664
1083685879.0,0.041666666666666664
1164622841.0,0.125
1184660474.0,0.125
1902898174.0,0.125
1902144512.0,0.041666666666666664
1982626818.0,0.3333333333333333
1578564613.0,0.041666666666666664
1518058502.0,0.041666666666666664
1831181320.0,0.041666666666666664
1801821194.0,0.041666666666666664
1093766156.0,0.041666666666666664
1376537621.0,0.08333333333333333
1205808151.0,0.041666666666666664
1306004510.0,0.041666666666666664
1477643294.0,0.041666666666666664
1164475422.0,0.041666666666666664
1659722783.0,0.041666666666666664
1053363234.0,0.08333333333333333
1558342691.0,0.08333333333333333
1801935903.0,0.041666666666666664
1013984293.0,0.041666666666666664
1346227238.0,0.041666666666666664
1821019175.0,0.041666666666666664
1932102696.0,0.041666666666666664
1598766115.0,0.041666666666666664
1104813096.0,0.08333333333333333
1699773481.0,0.041666666666666664
1356340269.0,0.041666666666666664
1376648238.0,0.16666666666666666
1689627697.0,0.041666666666666664
1790757938.0,0.08333333333333333
1912355900.0,0.041666666666666664
1174690879.0,0.041666666666666664
1467489344.0,0.08333333333333333
1134136385.0,0.08333333333333333
1316920390.0,0.041666666666666664
1427020874.0,0.041666666666666664
1629019211.0,0.20833333333333331
1730325580.0,0.041666666666666664
1518967884.0,0.041666666666666664
1992703052.0,0.041666666666666664
1528069200.0,0.041666666666666664
1811950678.0,0.16666666666666666
1366494296.0,0.29166666666666663
1033260120.0,0.08333333333333333
1740475482.0,0.20833333333333331
1790782555.0,0.08333333333333333
1972866143.0,0.041666666666666664
1437178977.0,0.041666666666666664
1033104484.0,0.041666666666666664
1740254309.0,0.041666666666666664
1942289509.0,0.041666666666666664
1659362408.0,0.041666666666666664
1548471402.0,0.041666666666666664
1770581100.0,0.041666666666666664
1588079727.0,0.041666666666666664
1174596720.0,0.08333333333333333
1851554927.0,0.125
1134103666.0,0.041666666666666664
1912908914.0,0.041666666666666664
1578556536.0,0.25
1518304377.0,0.041666666666666664
1770540155.0,0.041666666666666664
1134210172.0,0.041666666666666664
1083677819.0,0.041666666666666664
1114102910.0,0.41666666666666663
1124265087.0,0.041666666666666664
1578556551.0,0.16666666666666666
1104866441.0,0.041666666666666664
1285676171.0,0.041666666666666664
1932598414.0,0.125
1154567311.0,0.041666666666666664
1992805519.0,0.041666666666666664
1598831760.0,0.041666666666666664
1447287958.0,0.08333333333333333
1740287127.0,0.3333333333333333
1073728663.0,0.041666666666666664
1043213465.0,0.041666666666666664
1376545947.0,0.041666666666666664
1750351003.0,0.25
1396743324.0,0.041666666666666664
1831353507.0,0.08333333333333333
1235332263.0,0.041666666666666664
1760484521.0,0.041666666666666664
1699749036.0,0.041666666666666664
1700854957.0,0.041666666666666664
1376533679.0,0.08333333333333333
1104084144.0,0.041666666666666664
1124080817.0,0.041666666666666664
1164422325.0,0.041666666666666664
1467907253.0,0.041666666666666664
1851378871.0,0.041666666666666664
1073544375.0,0.08333333333333333
1376582841.0,0.08333333333333333
1275649212.0,0.041666666666666664
1750408381.0,0.125
1194769596.0,0.041666666666666664
1902857410.0,0.041666666666666664
1457343683.0,0.041666666666666664
1326087362.0,0.041666666666666664
1497713861.0,0.041666666666666664
1538268354.0,0.08333333333333333
1699708099.0,0.125
1811950793.0,0.041666666666666664
1881861326.0,0.041666666666666664
1487060174.0,0.041666666666666664
1376505040.0,0.08333333333333333
1316146384.0,0.08333333333333333
1205890258.0,0.041666666666666664
1609002195.0,0.041666666666666664
1881689297.0,0.041666666666666664
1174863054.0,0.041666666666666664
1609862358.0,0.041666666666666664
1588722896.0,0.08333333333333333
1508859091.0,0.041666666666666664
1376509141.0,0.041666666666666664
1992785109.0,0.041666666666666664
1316048093.0,0.08333333333333333
1427098847.0,0.08333333333333333
1437166816.0,0.16666666666666666
1023007978.0,0.041666666666666664
1457437931.0,0.041666666666666664
1669684460.0,0.041666666666666664
1316945132.0,0.041666666666666664
1467411694.0,0.041666666666666664
1689615601.0,0.041666666666666664
1437392115.0,0.041666666666666664
1043205370.0,0.041666666666666664
1831197946.0,0.25
1205837051.0,0.25
1275501819.0,0.041666666666666664
1649257726.0,0.041666666666666664
1275505919.0,0.041666666666666664
1023073533.0,0.041666666666666664
1689689341.0,0.08333333333333333
1710972161.0,0.041666666666666664
1780784389.0,0.08333333333333333
1992744197.0,0.08333333333333333
1124015367.0,0.08333333333333333
1437351178.0,0.041666666666666664
1316965643.0,0.041666666666666664
1740217611.0,0.08333333333333333
1063488781.0,0.125
1952398604.0,0.25
1417948431.0,0.041666666666666664
1598827792.0,0.041666666666666664
1053687053.0,0.08333333333333333
1093713166.0,0.041666666666666664
1841470739.0,0.041666666666666664
1336159508.0,0.375
1447410964.0,0.041666666666666664
1366449431.0,0.041666666666666664
1386630424.0,0.041666666666666664
1932152089.0,0.041666666666666664
1235578139.0,0.041666666666666664
1629052188.0,0.16666666666666666
1902890270.0,0.041666666666666664
1700838687.0,0.041666666666666664
1417911587.0,0.041666666666666664
1639460132.0,0.125
1437109543.0,0.041666666666666664
1265425706.0,0.125
1346772274.0,0.041666666666666664
1306864947.0,0.041666666666666664
1801821491.0,0.041666666666666664
1710955828.0,0.041666666666666664
1811000631.0,0.125
1306823992.0,0.16666666666666666
1497890107.0,0.041666666666666664
1295068476.0,0.041666666666666664
1245265214.0,0.08333333333333333
1679797567.0,0.041666666666666664
1548619075.0,0.041666666666666664
1003171141.0,0.041666666666666664
1730477381.0,0.08333333333333333
1649478983.0,0.08333333333333333
1649569096.0,0.041666666666666664
1932426566.0,0.20833333333333331
1255562567.0,0.041666666666666664
1376738633.0,0.041666666666666664
1386671436.0,0.20833333333333331
1629211982.0,0.041666666666666664
1376603472.0,0.041666666666666664
1346690385.0,0.041666666666666664
1629064530.0,0.041666666666666664
1376517458.0,0.041666666666666664
1578904918.0,0.041666666666666664
1992707418.0,0.041666666666666664
1033375068.0,0.041666666666666664
1043578206.0,0.041666666666666664
1821244773.0,0.041666666666666664
1851305320.0,0.041666666666666664
1265548648.0,0.16666666666666666
1578536298.0,0.08333333333333333
1902898539.0,0.041666666666666664
1437224300.0,0.041666666666666664
1245285741.0,0.29166666666666663
1083694442.0,0.041666666666666664
1972567402.0,0.041666666666666664
1245224302.0,0.08333333333333333
1558424945.0,0.041666666666666664
1609080175.0,0.08333333333333333
1114217841.0,0.041666666666666664
1225559412.0,0.041666666666666664
1811938673.0,0.041666666666666664
1740635507.0,0.041666666666666664
1518173558.0,0.041666666666666664
1568681336.0,0.041666666666666664
1396780409.0,0.3333333333333333
1013112184.0,0.041666666666666664
1497750905.0,0.08333333333333333
1205869948.0,0.041666666666666664
1770667388.0,0.041666666666666664
1194782078.0,0.041666666666666664
1306889605.0,0.041666666666666664
1972522373.0,0.041666666666666664
1760451975.0,0.041666666666666664
1467432328.0,0.041666666666666664
1790971273.0,0.041666666666666664
1891925384.0,0.041666666666666664
1598868879.0,0.041666666666666664
1316998545.0,0.041666666666666664
1013087634.0,0.041666666666666664
1265630610.0,0.041666666666666664
1952341398.0,0.041666666666666664
1356340632.0,0.041666666666666664
1255394714.0,0.125
1407819162.0,0.041666666666666664
1508064668.0,0.041666666666666664
1063779742.0,0.125
1225272735.0,0.041666666666666664
1417915810.0,0.25
1780657577.0,0.041666666666666664
1780612523.0,0.041666666666666664
1649618349.0,0.041666666666666664
1861475758.0,0.08333333333333333
1770556847.0,0.041666666666666664
1285696948.0,0.041666666666666664
1639361975.0,0.041666666666666664
1942277561.0,0.16666666666666666
1770552762.0,0.16666666666666666
1871715771.0,0.041666666666666664
1760431548.0,0.041666666666666664
1922252220.0,0.041666666666666664
1285692863.0,0.041666666666666664
1235127747.0,0.041666666666666664
1174740419.0,0.375
1578790341.0,0.041666666666666664
1174814149.0,0.041666666666666664
1831214535.0,0.25
1710927306.0,0.08333333333333333
1518935501.0,0.041666666666666664
1215970769.0,0.041666666666666664
1285799379.0,0.08333333333333333
1467682260.0,0.041666666666666664
1538149844.0,0.041666666666666664
1720061401.0,0.041666666666666664
1457630683.0,0.041666666666666664
1649429986.0,0.20833333333333331
1154321891.0,0.16666666666666666
1710919139.0,0.20833333333333331
1972563427.0,0.041666666666666664
1386606051.0,0.041666666666666664
1972899300.0,0.041666666666666664
1457438178.0,0.08333333333333333
1225014756.0,0.041666666666666664
1265483242.0,0.041666666666666664
1427082734.0,0.041666666666666664
1427045871.0,0.041666666666666664
1184689648.0,0.08333333333333333
1366732273.0,0.041666666666666664
1437310448.0,0.08333333333333333
1184689655.0,0.041666666666666664
1922444793.0,0.041666666666666664
1649245689.0,0.041666666666666664
1881628154.0,0.25
1235135997.0,0.16666666666666666
1508875774.0,0.08333333333333333
1578561023.0,0.041666666666666664
1669402111.0,0.20833333333333331
1699724799.0,0.041666666666666664
1184759300.0,0.041666666666666664
1063460368.0,0.08333333333333333
1558576660.0,0.041666666666666664
1235152406.0,0.041666666666666664
1760456214.0,0.041666666666666664
1063419414.0,0.041666666666666664
1326005786.0,0.125
1427041821.0,0.041666666666666664
1497742878.0,0.041666666666666664
1164594719.0,0.08333333333333333
1710001698.0,0.041666666666666664
1164697124.0,0.041666666666666664
1548422694.0,0.08333333333333333
1295765030.0,0.041666666666666664
1366609448.0,0.041666666666666664
1427021351.0,0.3333333333333333
1245269547.0,0.041666666666666664
1285639724.0,0.041666666666666664
1861742124.0,0.041666666666666664
1538104880.0,0.041666666666666664
1588629042.0,0.041666666666666664
1689652786.0,0.041666666666666664
1972538932.0,0.041666666666666664
1811983927.0,0.125
1982688826.0,0.041666666666666664
1023245883.0,0.375
1144290875.0,0.041666666666666664
1578851903.0,0.041666666666666664
1700826690.0,0.041666666666666664
1770937922.0,0.041666666666666664
1821134404.0,0.041666666666666664
1164406344.0,0.041666666666666664
1104821834.0,0.041666666666666664
1265483341.0,0.041666666666666664
1649233487.0,0.041666666666666664
1356303952.0,0.08333333333333333
1801236047.0,0.041666666666666664
1477541456.0,0.041666666666666664
1225035348.0,0.041666666666666664
1548209752.0,0.041666666666666664
1285607002.0,0.08333333333333333
1326075482.0,0.041666666666666664
1144258138.0,0.08333333333333333
1164422754.0,0.041666666666666664
1629097571.0,0.08333333333333333
1538129507.0,0.041666666666666664
1346248291.0,0.041666666666666664
1073507943.0,0.041666666666666664
1740275304.0,0.20833333333333331
1124204136.0,0.041666666666666664
1154412138.0,0.08333333333333333
1770593899.0,0.041666666666666664
1629068911.0,0.041666666666666664
1497869937.0,0.08333333333333333
1497706097.0,0.041666666666666664
1417199217.0,0.08333333333333333
1477545598.0,0.041666666666666664
1215032958.0,0.041666666666666664
1386679934.0,0.041666666666666664
1629015680.0,0.041666666666666664
1184718462.0,0.041666666666666664
1164471942.0,0.041666666666666664
1982672523.0,0.08333333333333333
1790795409.0,0.041666666666666664
1023213204.0,0.041666666666666664
1174564504.0,0.08333333333333333
1578528410.0,0.08333333333333333
1023450780.0,0.041666666666666664
1295728285.0,0.16666666666666666
1225023138.0,0.041666666666666664
1174568612.0,0.041666666666666664
1811422884.0,0.041666666666666664
1265725097.0,0.041666666666666664
1588666028.0,0.041666666666666664
1629073069.0,0.041666666666666664
1174609580.0,0.041666666666666664
1780817585.0,0.041666666666666664
1083891378.0,0.08333333333333333
1770966707.0,0.041666666666666664
1568460467.0,0.041666666666666664
1528245941.0,0.041666666666666664
1497738934.0,0.3333333333333333
1114185402.0,0.29166666666666663
1205862075.0,0.041666666666666664
1659334332.0,0.041666666666666664
1932177086.0,0.08333333333333333
1235136193.0,0.041666666666666664
1104842434.0,0.041666666666666664
1427078849.0,0.041666666666666664
1447542469.0,0.041666666666666664
1477623494.0,0.041666666666666664
1558376137.0,0.041666666666666664
1487646410.0,0.041666666666666664
1164680906.0,0.041666666666666664
1801969357.0,0.041666666666666664
1760444111.0,0.041666666666666664
1942294228.0,0.125
1063427797.0,0.041666666666666664
1992908503.0,0.08333333333333333
1457356503.0,0.08333333333333333
1275662041.0,0.041666666666666664
1164443354.0,0.041666666666666664
1043255003.0,0.16666666666666666
1063599835.0,0.041666666666666664
1619902178.0,0.041666666666666664
1548201700.0,0.16666666666666666
1588649701.0,0.375
1902845670.0,0.041666666666666664
1205858024.0,0.041666666666666664
1780743914.0,0.08333333333333333
1578569455.0,0.125
1447665393.0,0.041666666666666664
1346322161.0,0.041666666666666664
1760567028.0,0.041666666666666664
1801084660.0,0.041666666666666664
1063501559.0,0.041666666666666664
1093955320.0,0.041666666666666664
1902980857.0,0.041666666666666664
1437175544.0,0.041666666666666664
1073594107.0,0.041666666666666664
1306935036.0,0.125
1669676797.0,0.041666666666666664
1194163964.0,0.041666666666666664
1053327106.0,0.125
1053335307.0,0.041666666666666664
1144532748.0,0.041666666666666664
1831325455.0,0.041666666666666664
1699770131.0,0.08333333333333333
1194983189.0,0.041666666666666664
1063472918.0,0.041666666666666664
1306832662.0,0.125
1952399131.0,0.08333333333333333
1881763613.0,0.041666666666666664
1942208285.0,0.125
1407016736.0,0.041666666666666664
1447591714.0,0.041666666666666664
1831255843.0,0.041666666666666664
1003826983.0,0.041666666666666664
1235296039.0,0.16666666666666666
1255374633.0,0.041666666666666664
1033146154.0,0.041666666666666664
1346203437.0,0.041666666666666664
1720053549.0,0.041666666666666664
1619918638.0,0.041666666666666664
1619975984.0,0.29166666666666663
1033137971.0,0.041666666666666664
1023016755.0,0.08333333333333333
1083875124.0,0.041666666666666664
1285603126.0,0.041666666666666664
1982697272.0,0.041666666666666664
1780940601.0,0.041666666666666664
1992703805.0,0.041666666666666664
1053470526.0,0.041666666666666664
1366736704.0,0.041666666666666664
1083051841.0,0.08333333333333333
1932107588.0,0.20833333333333331
1225396039.0,0.041666666666666664
1144291147.0,0.08333333333333333
1558351692.0,0.08333333333333333
1477578573.0,0.041666666666666664
1942523725.0,0.041666666666666664
1932107596.0,0.041666666666666664
1538113360.0,0.375
1164492625.0,0.041666666666666664
1598811986.0,0.041666666666666664
1194766162.0,0.041666666666666664
1790709590.0,0.041666666666666664
1477582682.0,0.08333333333333333
1831202654.0,0.125
1669762910.0,0.041666666666666664
1285627745.0,0.041666666666666664
1275522914.0,0.08333333333333333
1730146150.0,0.041666666666666664
1366409062.0,0.16666666666666666
1700237161.0,0.041666666666666664
1962430314.0,0.125
1639116650.0,0.041666666666666664
1427021674.0,0.041666666666666664
1558306670.0,0.16666666666666666
1093783409.0,0.08333333333333333
1396707188.0,0.08333333333333333
1487966073.0,0.125
1437413242.0,0.041666666666666664
1073581948.0,0.08333333333333333
1922326396.0,0.041666666666666664
1659309953.0,0.041666666666666664
1821085572.0,0.041666666666666664
1831194505.0,0.125
1144479627.0,0.041666666666666664
1235103631.0,0.041666666666666664
1578557336.0,0.041666666666666664
1538318233.0,0.16666666666666666
1013956507.0,0.041666666666666664
1649221532.0,0.041666666666666664
1457340317.0,0.041666666666666664
1215963038.0,0.041666666666666664
1750695839.0,0.16666666666666666
1114910627.0,0.041666666666666664
1295736742.0,0.125
1306800040.0,0.041666666666666664
1831550888.0,0.041666666666666664
1679540140.0,0.25
1831165869.0,0.041666666666666664
1235427246.0,0.08333333333333333
1992777650.0,0.041666666666666664
1013903285.0,0.08333333333333333
1578823605.0,0.20833333333333331
1831165877.0,0.041666666666666664
1568436152.0,0.041666666666666664
1912946617.0,0.041666666666666664
1689968570.0,0.041666666666666664
1154334654.0,0.041666666666666664
1871695809.0,0.08333333333333333
1114922945.0,0.041666666666666664
1861689283.0,0.041666666666666664
1548464068.0,0.041666666666666664
1568559045.0,0.041666666666666664
1548242886.0,0.08333333333333333
1295814598.0,0.041666666666666664
1831313352.0,0.125
1679560650.0,0.041666666666666664
1710243787.0,0.25
1164410833.0,0.20833333333333331
1376530386.0,0.041666666666666664
1912971219.0,0.08333333333333333
1760448468.0,0.125
1063403475.0,0.08333333333333333
1609940949.0,0.041666666666666664
1003360215.0,0.041666666666666664
1962479576.0,0.041666666666666664
1366491094.0,0.041666666666666664
1407016918.0,0.08333333333333333
1407959000.0,0.125
1114189792.0,0.25
1477545952.0,0.041666666666666664
1033105382.0,0.041666666666666664
1679835110.0,0.041666666666666664
1154301927.0,0.041666666666666664
1922072552.0,0.041666666666666664
1275523052.0,0.041666666666666664
1104969708.0,0.20833333333333331
1912979436.0,0.041666666666666664
1497755631.0,0.125
1598742512.0,0.08333333333333333
1316974579.0,0.041666666666666664
1053351924.0,0.16666666666666666
1417949173.0,0.041666666666666664
1518968825.0,0.041666666666666664
1659633659.0,0.041666666666666664
