doctor_id,authority_score
1023245883.0,2.5012645391946653e-05
1144267790.0,6.081817393158354e-07
1194731547.0,0.00023155293398187588
1275505919.0,1.702621507225672e-08
1316042591.0,9.619480773130986e-05
1336159508.0,0.0001293269619028213
1366494296.0,0.007108915645173258
1578561023.0,7.485187744488848e-09
1669460481.0,0.32915039278399566
1770558413.0,0.000392770398264794
1831214535.0,6.736441932470026e-05
1902901135.0,2.1004292781963456e-05
1912907130.0,0.00014631744361770879
1003022500.0,5.364672507916542e-06
1013295856.0,0.00017334229749808893
1023174034.0,7.87042767483276e-06
1033111778.0,0.0006344530520139226
1033177357.0,2.8704283392371687e-07
1043292477.0,2.4767350584378347e-07
1053351924.0,4.745587833059629e-05
1053434399.0,0.00018897923913817845
1083614192.0,1.1572999485832958e-05
1083875124.0,2.958654514067228e-07
1104856657.0,0.0001491532198969335
1104869031.0,8.739600351862975e-06
1104939495.0,3.8421574101257734e-05
1114185402.0,0.00013694886863006652
1114189792.0,0.000764485985269589
1124013511.0,8.122443260756046e-07
1124065966.0,4.094636223759896e-06
1124227103.0,0.00010610044867197711
1134102957.0,1.812376430419829e-06
1134210172.0,1.074102384267812e-06
1144213646.0,6.469834176769854e-05
1154550663.0,3.0735537184969434e-07
1164636676.0,1.080261052184253e-05
1174526180.0,0.00011256784374668113
1184625840.0,3.555990023761335e-07
1205868668.0,8.314533481272621e-06
1215943568.0,1.7241136174066286e-06
1235135997.0,1.616452972626283e-06
1235224841.0,4.493297278768904e-05
1255331088.0,8.76635502601823e-05
1255394714.0,1.4310894473303523e-06
1255449476.0,5.0224802098880444e-05
1265548648.0,0.0001666068086477432
1275585481.0,0.0004348560312868686
1275623506.0,0.0001271397388535217
1275691982.0,7.377304970313982e-05
1285653048.0,2.302621092203266e-05
1285847699.0,0.0002702693978194513
1306823992.0,1.4273672068702617e-06
1306827092.0,4.2992922988189226e-05
1336310432.0,2.6677649689927964e-07
1356383368.0,4.816122154052857e-05
1366555104.0,5.9779885199826205e-05
1376505040.0,1.1065339980040003e-06
1407267099.0,1.1753111182358665e-05
1417118506.0,0.00024892461115374917
1417994682.0,4.90911830748045e-06
1427021351.0,0.0005025933479856144
1427024728.0,0.00021273394536224386
1427056555.0,0.00041142368998938795
1437288776.0,0.0006814282150907623
1437413242.0,2.128507762061949e-06
1447200258.0,9.095403861226465e-05
1447419981.0,0.0002199277251649249
1457470429.0,0.00011504457316164655
1487668174.0,0.0001698096575483228
1497738934.0,0.00013357450071023623
1497755631.0,0.00019795194267049486
1497789135.0,0.0002271148081116327
1508854274.0,0.03375179440061142
1518056472.0,0.0002689347250848104
1528087764.0,3.899473110451019e-06
1528407392.0,0.0010486862217889378
1538113360.0,0.00037837547654125136
1538136031.0,1.074307561418567e-06
1538137070.0,2.936085027482786e-07
1538328869.0,3.489426319214238e-06
1548203839.0,1.0648779416984055e-05
1548380124.0,5.4066548023780585e-05
1558361790.0,0.0002360090761249659
1568437929.0,2.4826435242866705e-07
1578546024.0,5.134942012116021e-06
1578556536.0,0.0001657519222116209
1578710927.0,2.8355482236066415e-06
1588638894.0,0.0004908571563270527
1588649701.0,0.08662939145480288
1588722185.0,6.589164311660723e-07
1588767180.0,0.0002293820091168915
1598056293.0,1.8137290905167606e-05
1598853301.0,0.0020073906754166167
1619975984.0,6.229081946303205e-05
1629008172.0,5.65406266250188e-05
1629052188.0,0.00010222749630777656
1629066329.0,0.0003603216497034945
1629082763.0,0.00018879536473686168
1639366727.0,6.859319945481975e-06
1639460132.0,5.100064152248847e-06
1649341983.0,7.301645981657328e-06
1649429986.0,7.053188257744303e-06
1669481578.0,0.0007453418450976932
1679522312.0,2.1543600830586143e-07
1679789010.0,0.00021368279299319252
1710927306.0,1.9910864626072e-06
1720375793.0,0.0005887626649870633
1730103177.0,0.00015788309578469858
1750320461.0,0.00061841170736699
1750351003.0,0.00039286976037896987
1760531545.0,0.00024114146828241146
1760577324.0,0.034954902925182635
1770533267.0,0.0004061465155176486
1780767319.0,0.00039357250895716566
1801169248.0,1.074102384267812e-06
1801824354.0,0.0002198286705308223
1811949381.0,5.6690625087699525e-06
1811960560.0,1.080261052184253e-05
1821019175.0,4.3561160879445545e-06
1821127721.0,2.932030102460294e-06
1831194505.0,4.2347493352550354e-05
1841218559.0,3.3478722059634136e-06
1841255643.0,0.0005376524891290844
1851554927.0,7.4448429030450526e-06
1861462798.0,0.00013572042517925038
1861494023.0,0.00010312873706798326
1871713370.0,3.071419876128998e-05
1902033707.0,0.00021324926486537726
1902833718.0,3.362173441822976e-06
1922196724.0,0.053972166107872005
1932362944.0,0.0002608821541700621
1942262720.0,1.111801680032771e-06
1942277561.0,8.324805767104642e-06
1962407015.0,4.207542845063267e-05
1962502492.0,0.0003173093386246864
1972728145.0,0.0003241588303599531
1982626818.0,0.00037890160763500694
1982672523.0,0.00015773605741796378
1992091888.0,3.855454046229357e-06
1992908503.0,1.5879676639914406e-06
1013903285.0,6.962666649372107e-07
1013914605.0,1.2073483352973642e-06
1013958032.0,1.8205278945911748e-08
1023197977.0,1.3617734672596553e-08
1033260120.0,1.1017417258964026e-08
1063434520.0,3.103090688256645e-08
1063460368.0,1.0467148383650974e-07
1063779742.0,1.5886943552594476e-07
1104813096.0,1.7186317568208145e-08
1104881440.0,7.897632927389005e-09
1114922945.0,2.8038933470037893e-06
1124055371.0,1.2550496128319325e-08
1144384041.0,7.583863909991923e-09
1144394859.0,1.333852120788771e-08
1154549889.0,9.6544368098351e-09
1164453775.0,1.333852120788771e-08
1164548020.0,9.52656144328499e-09
1164680906.0,8.892347471926796e-09
1184612475.0,8.892347471926796e-09
1194703413.0,7.526516249582581e-07
1194830455.0,1.8014512926888404e-06
1205028149.0,5.667469566679174e-07
1235103938.0,9.519885506743054e-09
1245350354.0,1.9825105735946056e-08
1245526060.0,1.0427812876246146e-08
1275586679.0,2.0175703385930376e-06
1285788075.0,1.40579530214385e-08
1285963801.0,2.4346553392991463e-06
1295718823.0,8.892347471926796e-09
1306864947.0,7.447674804571183e-08
1316048093.0,7.164372098325903e-08
1326081241.0,1.286800359297398e-05
1326121427.0,6.205619696049646e-07
1326167883.0,4.7504592149333955e-07
1366544710.0,9.099914858918957e-07
1376533679.0,1.3544432784164247e-08
1386643823.0,1.1816407676658319e-08
1396164026.0,1.1816407676658319e-08
1396847877.0,1.0341025701216413e-08
1427105451.0,9.278766277652162e-09
1457709776.0,6.377522177120424e-08
1467682260.0,1.0841720941756832e-08
1497716849.0,9.039333998179584e-07
1497869937.0,1.1373458527663245e-08
1508064668.0,5.067703427883569e-08
1528039476.0,2.5326771260982174e-07
1538129507.0,1.1549370215038786e-08
1538318233.0,1.1081826775861851e-06
1548239429.0,4.8336308243474933e-05
1568426419.0,1.8866646384003153e-08
1588617922.0,8.645924824717915e-08
1588643233.0,6.116647093592105e-07
1609843721.0,1.487823675943616e-08
1619973674.0,0.00036939559929803807
1639121270.0,1.333852120788771e-08
1669479283.0,1.8357846397405191e-06
1669684460.0,2.137634880265963e-08
1780688366.0,6.377522177120424e-08
1811187099.0,0.00011273147634657777
1831147180.0,3.957495181198636e-08
1841226545.0,1.9467725249467115e-05
1841395928.0,1.6041932388187116e-07
1841470739.0,1.3178298730923173e-08
1871778126.0,2.0848949815949244e-08
1891815775.0,1.333852120788771e-08
1902144512.0,1.1843111422831596e-08
1912968702.0,0.00024490731349401785
1942283593.0,7.083168669454545e-09
1972815082.0,1.1593032045304324e-07
1003120213.0,8.7233221849983e-06
1013064377.0,2.66217949641841e-06
1013978626.0,4.995439185584548e-06
1033173471.0,4.054382488063145e-06
1053687053.0,0.00013689702040074734
1063472918.0,8.476770931720209e-07
1063488781.0,5.9802675471477066e-05
1063633733.0,8.49838112077321e-06
1073514584.0,5.415792217807188e-06
1073515375.0,0.00021441870315979758
1073544375.0,2.51310737126826e-06
1073581948.0,1.6425131330053683e-06
1073771515.0,0.0001419412295543905
1083607840.0,0.00036053986744449937
1083689301.0,0.000564038701884382
1093756207.0,1.427420189705744e-06
1093833311.0,1.6777415500919065e-06
1093986697.0,7.65558374770996e-06
1104912476.0,9.688369283692168e-05
1104969708.0,0.0007485491544477336
1114102910.0,0.0003654348593542948
1114273893.0,2.9687994792127633e-05
1114910627.0,9.194786890574991e-07
1114988748.0,1.2255789173129215e-06
1124029368.0,9.115836716154082e-06
1124137088.0,0.0004573364494776992
1134149677.0,1.278335260534152e-06
1134191893.0,8.532539161534177e-07
1134192610.0,0.00019409771312406602
1134276736.0,0.00044686630219638594
1144258138.0,0.0008344213756000873
1154321891.0,7.835588203830373e-05
1154328136.0,0.0004868277813965439
1154385565.0,3.136916272573276e-06
1154491785.0,8.358483078182303e-05
1154532612.0,5.4050871809026134e-05
1164410833.0,6.725562620530304e-06
1164434015.0,7.696724831856103e-06
1164587697.0,0.0002517601887773767
1164644548.0,0.0001774716149479246
1174596720.0,5.145588682383702e-06
1174740419.0,0.00045593647133787275
1174751929.0,0.0004889462144641598
1184643405.0,0.0002549536683155142
1194721563.0,0.0005944258934552915
1194729996.0,3.9221701945174655e-06
1205837051.0,0.00024947769159330195
1205883139.0,0.00028398802248763235
1215257217.0,3.829883182472969e-06
1225021439.0,8.294868023219677e-06
1225144520.0,0.00048325532475982676
1235154469.0,9.46454198627468e-06
1245222991.0,0.00035492989441584155
1245225473.0,0.0005895230378714125
1245271568.0,3.403183094775141e-06
1245285741.0,0.0004674508030911969
1245394295.0,4.371686514344051e-05
1255347852.0,9.961600050516664e-07
1275517641.0,3.940304442265546e-06
1275522914.0,7.107281624245456e-06
1275543571.0,0.0006412360542193899
1295733301.0,0.0005731279455961674
1316146384.0,2.955203476365572e-06
1316942022.0,1.8474246934465193e-06
1326005786.0,2.517708102572115e-05
1326023888.0,0.0006581647099367047
1326093352.0,0.00021848038148478997
1336124916.0,5.709309699750805e-05
1336149186.0,4.28426949357087e-05
1346266889.0,2.6190308504640916e-06
1346283637.0,0.0002024490562296594
1346546090.0,2.839952587183986e-06
1356375711.0,0.0007045717593290833
1356383442.0,2.9378801831892264e-06
1366402208.0,9.552129422354393e-05
1366448391.0,5.837482456184922e-05
1366563744.0,0.27630113263131734
1366795080.0,1.7315322897416093e-05
1376517458.0,5.819414781085617e-06
1376545947.0,1.3760810706592066e-06
1376704577.0,1.063081880828411e-06
1386671436.0,0.0006325180096340333
1386792398.0,9.822179475981741e-07
1396701645.0,1.0540195434836417e-06
1396780409.0,3.896944344694624e-05
1396968038.0,8.853206482964439e-07
1417128570.0,1.0623847779557313e-06
1417909243.0,8.699843850976083e-07
1417915810.0,7.254223091926479e-06
1427011006.0,1.7656383010391305e-05
1427040088.0,4.111183529566605e-05
1437124468.0,0.00048476594102161253
1437151677.0,4.660671534050347e-05
1437310448.0,0.0007327977609402933
1447243902.0,9.194786890574991e-07
1447454269.0,0.05794715237266375
1457369233.0,0.00010001505612538419
1477531630.0,3.8954108525043175e-06
1477541456.0,8.82532236805745e-07
1477628733.0,0.00014719761436358548
1477715407.0,1.2417056046398825e-06
1497754519.0,9.39322616239543e-06
1497803514.0,0.00012550846381497366
1508184953.0,0.00020968805498059923
1508859091.0,1.8877545792021864e-06
1518007020.0,4.740060428192678e-06
1518970516.0,2.974236105647095e-06
1528064318.0,4.3088874252817816e-05
1528066180.0,9.738730841811092e-05
1528245941.0,7.26381193326696e-07
1548201700.0,4.773518819539059e-05
1548366321.0,0.00042975346446065516
1548491459.0,0.00031110167581137175
1548548373.0,8.532539161534177e-07
1558306670.0,0.00014201320307444902
1558324814.0,0.00010697756617436866
1558342691.0,2.366072707133672e-06
1568697258.0,1.967224306687069e-06
1578569455.0,4.037329268079946e-06
1578661070.0,1.2059879697266548e-06
1578823605.0,0.0002620141397559556
1588642292.0,8.397457414441905e-05
1588861710.0,0.0010616051687125376
1598742512.0,1.226169739556266e-06
1598743064.0,9.606077585452732e-07
1598759847.0,1.348261878956783e-06
1598788689.0,9.572729009187838e-06
1619165867.0,0.0013264288239728176
1619961133.0,4.5801143744226544e-06
1629019211.0,5.347550942394747e-05
1629049606.0,2.5229793666223923e-06
1629073069.0,8.260669041191249e-07
1629103759.0,1.885663270584141e-06
1639148042.0,5.41906504567622e-06
1639195423.0,3.7440308628267486e-06
1639394034.0,1.970966034887391e-06
1649224338.0,5.819414781085617e-06
1649256843.0,3.66445907765789e-06
1659384014.0,4.937748465307589e-06
1659412591.0,1.3175244293545518e-06
1659633659.0,1.0303180458127163e-06
1669457982.0,0.00023558647662413367
1679537567.0,6.154744088661485e-05
1679540140.0,0.00035355518601586436
1679558746.0,0.00020191300488071786
1689635682.0,2.5369030005925352e-06
1689691164.0,2.6190308504640916e-06
1689793648.0,4.491945264328496e-06
1700045747.0,0.00023343889541610884
1700913456.0,0.0005928274609291804
1710036926.0,0.00016541724723044882
1710243787.0,8.665459874723659e-05
1710919139.0,0.00023668233909155412
1710938246.0,4.167062248865203e-06
1710986815.0,2.578747207641803e-06
1730147273.0,7.368490927553098e-06
1730167776.0,1.942472305352681e-05
1730339193.0,1.8933314021835844e-06
1730344748.0,2.2290774017742885e-06
1730477381.0,4.513453979331227e-06
1740275304.0,0.00021481992397820722
1740287127.0,9.121210353322971e-05
1740475482.0,0.00016535055955105692
1750408381.0,9.13354481827693e-06
1750695839.0,6.432956153826326e-05
1760433304.0,5.819414781085617e-06
1760478424.0,0.00028479884319200207
1760478697.0,0.00011206437906265102
1770563645.0,9.749063454262255e-05
1770966707.0,7.857743580785393e-06
1780645952.0,1.2255789173129215e-06
1780738633.0,0.0004014860217291778
1780787028.0,2.071789737588204e-06
1790782555.0,2.096886607830117e-06
1790913267.0,7.549624111063435e-07
1801024955.0,0.00011106502936851705
1801810247.0,0.0006946783497353235
1801881586.0,5.007341498092308e-05
1821096900.0,0.00030269873795456557
1831142124.0,4.613882595316893e-06
1831191089.0,0.00023599203591063409
1831197946.0,0.0003646677010826869
1831353507.0,8.741920988447186e-06
1841429156.0,0.015002658733628523
1841562899.0,5.4060327775896774e-06
1851318307.0,9.99086337828623e-06
1861710980.0,0.0006757692128887733
1871563411.0,6.488821784740962e-05
1871889691.0,8.267640069917992e-07
1881628154.0,4.460708258234605e-05
1881638781.0,7.045378291856202e-06
1891144580.0,1.2980055489196801e-06
1902049695.0,7.772704904422305e-05
1902109762.0,7.684862068362185e-06
1902805252.0,0.000281675156517588
1902824360.0,1.4646921962407123e-05
1902848948.0,1.0456543090115524e-06
1902892813.0,5.819414781085617e-06
1912971219.0,1.316845794222748e-06
1912993007.0,3.9834234740458745e-05
1922158849.0,7.75342543098467e-06
1922267327.0,0.00018267288168308664
1922444793.0,8.441915788086697e-07
1932107588.0,1.597303426482641e-05
1932152089.0,1.2394489076150243e-06
1932177086.0,1.1175251098839621e-06
1932194701.0,0.00263972282964847
1932366945.0,1.0124017633637436e-05
1932426566.0,0.00014078749054875268
1932598414.0,0.00020369079663339396
1942246194.0,8.713785908429583e-06
1952364044.0,7.756072314817107e-06
1952392276.0,8.950800885138885e-07
1952399131.0,2.0539722083789915e-06
1962402479.0,3.7576411634802073e-06
1962478495.0,1.4722812670882697e-06
1972815132.0,5.352246897637078e-05
1972984334.0,8.555543556332508e-06
1982040168.0,1.677810549377139e-06
1982606182.0,0.0002492357719889439
1982699583.0,3.9834234740458745e-05
1992703805.0,8.994718366117389e-06
1992790927.0,0.0001970883969128748
1003826983.0,7.996905777510356e-08
1023259801.0,4.870690666822799e-07
1043255003.0,0.00023361103299802225
1093751034.0,9.566669933743643e-07
1114932829.0,5.3132198477405855e-05
1154412138.0,1.3463093977759506e-06
1164457263.0,2.0370974125643702e-08
1164492831.0,1.3628514300596511e-06
1164594719.0,2.0051854213135274e-07
1174580070.0,4.451998507489535e-07
1174780829.0,1.7499994061194484e-08
1184642407.0,6.465523237376355e-05
1205834397.0,1.454769521304255e-06
1235171646.0,1.0905196314588555e-06
1235249913.0,5.067806538378528e-05
1235296039.0,5.8973297518403705e-05
1275513145.0,6.767897974132837e-05
1285607002.0,2.741840693394636e-06
1295050748.0,2.7021837491028384e-08
1295737518.0,2.1005763687633066e-08
1306033014.0,2.6011945006046353e-08
1306837091.0,4.70288894707686e-07
1316965643.0,2.6228350538542308e-08
1346204328.0,1.459025449396782e-06
1356338792.0,0.00014611625330250764
1356417166.0,0.00026711002540451354
1356786198.0,2.3011121622098632e-08
1366409062.0,4.1557889624579985e-05
1366422230.0,2.1308731433128e-08
1366709602.0,1.8293481013680907e-08
1396737052.0,1.87118650431738e-08
1396737805.0,5.8224790211998026e-05
1417225277.0,9.240642181957563e-05
1417937715.0,5.397427645211425e-05
1427084607.0,2.3429505651590977e-08
1427101807.0,5.005009820827535e-05
1437149689.0,1.2032147606790169e-08
1437395290.0,2.1005763687633066e-08
1447287958.0,9.615903161732384e-05
1447487996.0,3.69332108793558e-08
1447591714.0,5.0379207965121014e-08
1457630683.0,9.484333137534172e-08
1467451476.0,0.00015421345990879987
1487670246.0,1.5446100570520866e-06
1548242886.0,4.93562333120883e-07
1548243660.0,4.744355064465535e-07
1558351692.0,1.4925425132267288e-06
1558389452.0,1.4845419529241028e-08
1578851903.0,2.8392405863504585e-08
1598756371.0,9.413883335554613e-07
1598759128.0,2.754121076901965e-08
1619950417.0,1.810925776194506e-08
1629211982.0,3.12778129634539e-08
1639118458.0,2.9154752119591647e-06
1639159510.0,6.767897974132837e-05
1639176027.0,3.12778129634539e-08
1649569096.0,1.5667760552726725e-08
1669402111.0,0.000151795316720505
1669427878.0,2.5232885089059113e-08
1679573398.0,5.603604640182273e-05
1699719591.0,4.000232132958232e-06
1699773051.0,0.00016059838445582104
1699985044.0,7.096658762326169e-08
1700838687.0,3.64282646368651e-08
1700868502.0,1.7989070564635914e-07
1710132139.0,5.838924968669682e-05
1710195888.0,0.000161087238035602
1710947197.0,4.018805325214958e-05
1740268812.0,9.691985402470376e-07
1740280304.0,6.096376830857232e-07
1740281146.0,1.7989070564635914e-07
1750762027.0,3.036890972697041e-08
1760448468.0,6.598545088038765e-07
1760638050.0,7.914796083471929e-05
1780612523.0,3.69332108793558e-08
1780818047.0,0.00018688611131700158
1790047249.0,2.8156246536057782e-06
1790880003.0,5.373924952261177e-05
1801878145.0,9.413883335554613e-07
1801969357.0,1.7179713873100032e-07
1811155047.0,5.212487926059052e-08
1811983927.0,0.00034507720676428067
1821034158.0,1.8911230758686047e-06
1841223310.0,1.7989070564635914e-07
1841287661.0,6.711456914482869e-08
1851384085.0,4.964357353454116e-06
1891768511.0,4.061015621656401e-06
1942294228.0,4.232377674318528e-05
1952367401.0,1.761510521996142e-08
1952375198.0,5.8212769671614255e-05
1952398604.0,1.370207089710945e-05
1952561631.0,1.435421097214789e-06
1962441014.0,1.5350365771732058e-08
1962443614.0,4.209096419525474e-07
1972520401.0,4.40348515198031e-07
1982744769.0,0.000491105838391855
1992700371.0,0.00021643506966861068
1992723035.0,1.2257209360586362e-07
1992778104.0,8.521021308984679e-05
1003849902.0,7.515151278579439e-05
1003857186.0,3.764678806849814e-05
1013087634.0,8.687173925994946e-05
1013112184.0,0.000103386603837168
1013956507.0,7.724694721602213e-05
1013995588.0,8.001718256445879e-05
1013998467.0,4.437419694078969e-05
1023007978.0,5.078764805467201e-05
1023016755.0,4.365795286417079e-05
1023073533.0,4.386205968358038e-05
1023209533.0,9.364471210812842e-05
1023218815.0,5.252407329353408e-05
1033115316.0,0.00046792116302119143
1033173224.0,4.3009679576369104e-05
1033202502.0,4.993526794746074e-05
1033280417.0,0.00011887150911817288
1033326772.0,5.607950788694201e-05
1033327309.0,0.00023321753912791557
1033401765.0,4.691642173442079e-05
1043257249.0,3.665234461008498e-05
1053311761.0,0.00013195963924511018
1053315523.0,0.0003119303265580182
1053327106.0,0.00011384593409415354
1053332601.0,4.972217292065793e-05
1053335307.0,3.665234461008498e-05
1053363234.0,0.00018813546570490316
1053570531.0,9.667411049287916e-05
1063457596.0,5.354863016334554e-05
1063483527.0,0.00011173282572027845
1063496297.0,0.00016717304852681192
1073504692.0,6.296958042023324e-05
1073530424.0,6.396402387864633e-05
1073567087.0,0.00010537549075399433
1073573929.0,0.0003550873463290983
1073587515.0,6.0243112042798486e-05
1073657334.0,4.2121783631357326e-05
1083693089.0,8.641003336854334e-05
1093713968.0,0.00013730964749799604
1093892192.0,5.239706607283587e-05
1093936437.0,4.648260633354534e-05
1104901883.0,4.315174292757097e-05
1114289865.0,4.69410951786217e-05
1114908712.0,0.000404263021491083
1124015367.0,0.00012539650591405447
1124059464.0,0.00010423898394437928
1124083555.0,0.00016426074982717347
1134136385.0,8.381759541682625e-05
1144242660.0,6.912069260579845e-05
1144292640.0,5.142075136312758e-05
1144292764.0,4.5773555516708904e-05
1144353525.0,0.00037117602085271156
1154331452.0,5.4141828468588764e-05
1154335321.0,5.5379270922570456e-05
1154344877.0,7.910932455007676e-05
1154351294.0,4.1288584330093685e-05
1154372290.0,9.139187306497922e-05
1154396802.0,0.00013785789522610176
1154567311.0,6.0767598476604066e-05
1154648772.0,0.0001425386128270029
1154696326.0,5.867216404637631e-05
1154705689.0,0.0006188279578353883
1164420717.0,3.970670666092539e-05
1164422754.0,0.0002721578650650011
1164424347.0,0.0001350771775299935
1164472486.0,5.0080573721584355e-05
1164486247.0,5.664776129174955e-05
1164490025.0,4.972217292065793e-05
1164622841.0,0.00027363122995720116
1174593958.0,0.0004862090903357929
1174690879.0,0.0001529311975688236
1174708267.0,7.074754889853615e-05
1174819148.0,0.00010761164183490677
1184622391.0,7.950481883073533e-05
1184660474.0,0.000288744332455612
1184689648.0,9.307035826189056e-05
1194722280.0,0.00020239407140364434
1194777466.0,0.0001807794610622811
1194780528.0,0.00016426074982717347
1194911727.0,4.283210038736675e-05
1205808151.0,0.00012785701608169177
1205851219.0,0.0002351858779147121
1205888377.0,5.323824086290443e-05
1215934666.0,4.365795286417079e-05
1215980818.0,3.9280516607319765e-05
1215984760.0,6.767584522235403e-05
1215990585.0,0.00010606645271978321
1225023138.0,0.00014334192136269668
1225090244.0,5.851565150989665e-05
1225357064.0,0.00040360198076454045
1235192154.0,0.00013410780353457444
1235215567.0,4.4705643308972925e-05
1235427246.0,0.00023200142677882744
1235578139.0,0.0004124099085390569
1235581281.0,0.00041908688604554525
1245214337.0,0.00030448075869609237
1245224302.0,4.69410951786217e-05
1255316386.0,0.00011809668917202963
1255327185.0,4.720054843682454e-05
1255338182.0,0.0003550873463290983
1255338752.0,0.00013932863169124362
1255353306.0,7.199060322155258e-05
1255385662.0,6.620152166007595e-05
1275523052.0,3.778885141970002e-05
1275525503.0,8.363979802010673e-05
1275525768.0,5.092971140587389e-05
1275649212.0,6.130033604361112e-05
1285696948.0,0.0001211800385752034
1285799379.0,8.865666183502611e-05
1295723047.0,0.00031823123955834705
1295728285.0,9.351733904491728e-05
1295736742.0,9.94724917927538e-05
1295931038.0,7.249581300728444e-05
1306882725.0,3.871345828275018e-05
1306931662.0,5.8068394803768346e-05
1306935036.0,0.00015988790176636473
1316998545.0,7.199060322155258e-05
1326075482.0,0.0003550873463290983
1326077322.0,3.9067421580516926e-05
1326087362.0,4.386205968358038e-05
1326257734.0,5.377097842991153e-05
1326289836.0,0.00014851658375901968
1336140599.0,6.623487379618159e-05
1346203437.0,3.7362661366094396e-05
1346268000.0,0.0004712596517744356
1346280088.0,3.924500076951929e-05
1356303952.0,0.0003696962635591105
1356306534.0,4.091424514614137e-05
1356360085.0,0.0001834798794535053
1356374193.0,6.743616172966244e-05
1356380109.0,0.00013655839634280686
1356382618.0,6.336025463603839e-05
1356458574.0,0.00016010801842176014
1366435232.0,0.00029107953201567194
1366485583.0,4.418223177418929e-05
1366499758.0,4.139956745716136e-05
1366656712.0,5.1910629331246474e-05
1376515122.0,4.808392859793285e-05
1376515999.0,6.190410528621912e-05
1376524520.0,4.980214624765966e-05
1376568279.0,8.136678440087664e-05
1376569418.0,4.147996027693643e-05
1376582841.0,3.9147770673783555e-05
1376648238.0,4.6531560464096166e-05
1386616175.0,8.427908310051517e-05
1386829802.0,7.056996970953378e-05
1396707188.0,4.40838827279916e-05
1396774279.0,8.910923704137904e-05
1396847968.0,0.0001233465046810321
1407111404.0,7.076409282165453e-05
1407959000.0,5.2445721928152055e-05
1417094186.0,6.85100511171065e-05
1417186156.0,9.077848141800117e-05
1427013853.0,0.00016426074982717347
1427020874.0,0.00011173282572027845
1427021674.0,6.190410528621912e-05
1427041821.0,5.49074852395265e-05
1427050913.0,0.00011638540047214003
1427055755.0,0.0007398304172215891
1427088525.0,0.00019948684317675202
1427113349.0,4.868993002621831e-05
1437124724.0,0.00017475505530148777
1437140837.0,5.4820186835069124e-05
1437392115.0,7.199060322155258e-05
1447220272.0,0.00011772769098538746
1447229034.0,0.0004712596517744356
1447542469.0,0.0001162078212831376
1447665393.0,7.081858057413705e-05
1457325227.0,0.00010161081194714453
1457356503.0,9.977367399356991e-05
1467417733.0,4.091424514614137e-05
1467426916.0,6.0933807634415956e-05
1467428979.0,5.419716848351714e-05
1467432328.0,0.0003550873463290983
1467482760.0,0.00012185725694329408
1467489344.0,7.87178052554806e-05
1477511640.0,3.954114866563716e-05
1477530574.0,3.881881071591363e-05
1477545598.0,4.958010956945604e-05
1477545952.0,4.958010956945604e-05
1477578573.0,0.0003839972382986809
1477582682.0,4.789045879930356e-05
1477583920.0,0.0001497307669349056
1477781243.0,9.507980574461303e-05
1477841468.0,4.40751547103832e-05
1487631214.0,4.435928141278695e-05
1487966073.0,5.673911673375601e-05
1497713861.0,0.00010537549075399433
1497725709.0,4.2767058480265165e-05
1497750905.0,0.00026860862069224607
1497795058.0,8.520470549484555e-05
1508071952.0,0.0001347826044527834
1508807330.0,0.0004918093257007893
1508845504.0,5.5191611941930275e-05
1518173558.0,4.5140629844397284e-05
1528051224.0,5.293152088137754e-05
1528051257.0,5.3045395165536874e-05
1528079084.0,0.00047587671068849684
1528082930.0,0.0005210185985226231
1528228293.0,7.543563948819815e-05
1528263522.0,0.0001593950800485091
1538118203.0,3.7469208879495796e-05
1538149844.0,0.0001211800385752034
1538268354.0,0.0001768787953441866
1538585880.0,6.336025463603839e-05
1548222854.0,6.336025463603839e-05
1548228216.0,4.344290439539177e-05
1548258098.0,0.0001248739251050626
1548280720.0,6.499820665600134e-05
1548643109.0,0.0004355662347849633
1558353722.0,0.0002132944363225187
1558374983.0,9.52534769808604e-05
1558376137.0,0.00021973648847150752
1558686105.0,4.958010956945604e-05
1568424018.0,0.0010588452224355076
1568438869.0,0.0003550873463290983
1568441673.0,8.80219229478001e-05
1568482230.0,5.152656248776072e-05
1568498509.0,0.00016212979955914533
1568645950.0,7.074754889853615e-05
1578500799.0,9.054830046317951e-05
1578526380.0,0.0002401604274304149
1578556551.0,9.241108909675116e-05
1578904918.0,5.49074852395265e-05
1588618730.0,4.645089694213188e-05
1588618946.0,0.00019739702649501187
1588650154.0,8.28939654262968e-05
1588811194.0,0.0005690437587462631
1598084451.0,5.377097842991153e-05
1598729055.0,0.0001724602424665944
1598739104.0,6.758663933429425e-05
1598759946.0,3.9067421580516926e-05
1609045228.0,6.453227728345387e-05
1609080175.0,6.262618829014427e-05
1609218759.0,6.707567343607063e-05
1609856723.0,0.00017785518867265862
1609873991.0,0.00011634783593411281
1609927441.0,0.00012237350325318048
1619911765.0,7.895429342000176e-05
1619918638.0,8.385289304690954e-05
1619932936.0,0.0001571905052340349
1619948544.0,0.00010786159940002717
1619984549.0,0.00011038322388386055
1629115340.0,6.860517117085853e-05
1629229141.0,8.755007275287449e-05
1639118797.0,8.042952911296732e-05
1639175920.0,0.0007400790280861926
1639258205.0,5.387300829630816e-05
1649221532.0,4.6632295032017036e-05
1649227760.0,0.00047587671068849684
1649233487.0,0.00010537549075399433
1649245689.0,0.00017967462343257743
1649257726.0,5.8388037343972584e-05
1649276668.0,0.00046165003069255226
1649281833.0,0.0001233465046810321
1649387234.0,0.00011489373528452025
1659572337.0,7.152889733014646e-05
1669411401.0,7.076409282165453e-05
1669485918.0,3.764678806849814e-05
1669676797.0,5.217276572889032e-05
1679512883.0,3.7469208879495796e-05
1679549901.0,0.0001727135192236853
1689617789.0,4.40838827279916e-05
1689629438.0,0.00037142489843064284
1689689341.0,8.56895416615815e-05
1699708099.0,4.139956745716136e-05
1699762971.0,8.009751537760203e-05
1699770131.0,7.86793117699607e-05
1700851730.0,0.000390284966971744
1700854478.0,4.353458188014097e-05
1700886181.0,0.00011961007546262842
1710932769.0,4.160203203616062e-05
1710955463.0,4.762426501652349e-05
1710979224.0,6.433828321580422e-05
1720329170.0,0.00013555964800263543
1730146150.0,0.00021387637523442992
1730173485.0,4.940253038045369e-05
1740217611.0,8.025347681271262e-05
1740232362.0,0.0003279281627441122
1740282169.0,0.00037117602085271156
1740363035.0,4.663703896709444e-05
1750345880.0,5.719607082012402e-05
1750439147.0,3.668786044788545e-05
1750680948.0,0.00010768402021102486
1760559801.0,0.0004471088820701161
1770527657.0,9.560721188929918e-05
1770540155.0,0.00018475338823804464
1770552762.0,5.658459417389786e-05
1770575219.0,9.83142132747077e-05
1770844185.0,5.0080573721584355e-05
1780606202.0,6.912069260579845e-05
1780655738.0,0.0001532153242712273
1780681262.0,7.801142182881813e-05
1780682815.0,4.138082156763146e-05
1780743914.0,0.00016268206252261776
1780784389.0,9.417541327163969e-05
1780818633.0,5.522712777973077e-05
1801890736.0,3.9067421580516926e-05
1811000631.0,0.00010110166908160468
1811950678.0,0.00010592013686044827
1811997851.0,4.693540639667743e-05
1811998008.0,3.992889477536891e-05
1821013079.0,7.258164147584665e-05
1821078643.0,6.421263474324966e-05
1821133323.0,0.00011308242755669633
1821160276.0,5.171448180936372e-05
1831102284.0,5.089419556807342e-05
1831136092.0,3.889395598352111e-05
1831164136.0,0.00012185626487579208
1831199975.0,4.905348652739023e-05
1831202654.0,5.589128786808902e-05
1831209105.0,0.00011983043673878554
1841249216.0,0.00036936471312488744
1841386273.0,0.00011986595257658599
1841482502.0,6.201065279962051e-05
1851313001.0,7.199060322155258e-05
1851356372.0,0.00014018598793716976
1861454597.0,4.343586962997473e-05
1861485369.0,0.00037117602085271156
1871545111.0,4.684539005881985e-05
1871554873.0,7.259437246416058e-05
1871595041.0,3.846365233790895e-05
1871820050.0,0.00012782701885008884
1881647808.0,0.00016345121232852066
1881686772.0,4.119837184854513e-05
1881687721.0,0.00029107953201567194
1881687788.0,7.703385218921933e-05
1881691541.0,0.00030077020455789055
1881797009.0,4.6664289304383854e-05
1881846749.0,0.0001571234357831778
1881861326.0,0.0004712596517744356
1891722195.0,7.231024576175679e-05
1891774634.0,5.5191611941930275e-05
1891791489.0,0.00011102844797958441
1891962999.0,6.0021765882794176e-05
1902823628.0,3.9777738336526326e-05
1902846405.0,8.784216762034018e-05
1902864465.0,0.00010537549075399433
1902898174.0,0.00015787088748388386
1912015132.0,0.00021347867416788077
1912947193.0,4.730709595022597e-05
1912984170.0,4.707584731075347e-05
1922093509.0,3.9067421580516926e-05
1922111210.0,9.258978914582513e-05
1922450618.0,0.00041908688604554525
1932107596.0,6.904278868411356e-05
1932112638.0,9.880506076090737e-05
1932191558.0,5.152656248776072e-05
1942208285.0,0.00020724736892176995
1942237961.0,3.764678806849814e-05
1942275854.0,4.958010956945604e-05
1952320384.0,4.7833615359405705e-05
1952326985.0,8.136678440087664e-05
1952346983.0,7.854033186607424e-05
1952391765.0,7.629049298487841e-05
1952392367.0,7.682286279125858e-05
1952400475.0,0.00022931473196826515
1952563660.0,0.00013303545380936836
1962430314.0,4.356593565838863e-05
1962452953.0,5.819138282110641e-05
1962476267.0,0.00016746394173542168
1962485573.0,0.00016866515276775087
1962596130.0,4.320988486688858e-05
1972501211.0,0.00018699510652242407
1972738979.0,4.105630849734326e-05
1982600987.0,5.00188594636491e-05
1982636841.0,0.00033257772222729324
1982658563.0,5.3267913920916495e-05
1992717268.0,4.137595103754748e-05
1992741375.0,3.881881071591363e-05
1992744197.0,0.00020648067230833776
1992825459.0,0.00046696948011299295
1992847768.0,7.813484316103385e-05
1023109410.0,1.7496692334019815e-08
1093838922.0,1.57398030074951e-08
1114217841.0,1.8170567692138952e-08
1144322520.0,1.4069554798442924e-07
1174586689.0,1.5860718207556792e-06
1194706473.0,1.2851765758413534e-08
1205021516.0,2.3429202183175066e-08
1215124599.0,3.7368328844999415e-06
1255323424.0,1.604382783876003e-06
1265420939.0,2.3381068229023486e-08
1265725097.0,2.379020683931004e-08
1275791063.0,4.020388520492401e-08
1366714388.0,9.98154836311718e-06
1376537621.0,1.9950544838765967e-08
1386604650.0,2.769922902712279e-06
1386914513.0,3.5510824675166994e-08
1437166816.0,7.124971634119109e-06
1447682968.0,2.1479777040044812e-08
1487607750.0,6.313060067379638e-08
1497947022.0,6.354885296833512e-08
1508987892.0,1.9695293335634066e-05
1518054204.0,1.1035609896411625e-05
1598767816.0,2.9078962248103268e-06
1629169974.0,3.716664757710522e-06
1649407578.0,1.6269276503160163e-08
1689609596.0,1.6136908129243835e-08
1720096571.0,1.3044301575018908e-08
1780097378.0,1.2430593659588914e-08
1780637942.0,6.429492925768067e-08
1790757938.0,1.4722469150372798e-08
1790795409.0,1.9133246775165943e-08
1831313352.0,1.1748992567801947e-05
1831320035.0,1.2442627148126809e-08
1871542621.0,1.264719645327035e-08
1871667907.0,1.6607242523376173e-06
1265893903.0,3.7052789503821367e-09
1275565582.0,0.00015688793619783419
1427080571.0,4.62836194723876e-05
1003360215.0,3.287533937459812e-09
1013171420.0,2.296939907343046e-09
1023450780.0,2.5817356909996894e-09
1033150800.0,3.6094769972502607e-09
1043325657.0,2.652934636915646e-09
1053600569.0,3.160614077351365e-09
1063403475.0,6.567573113109248e-07
1073545380.0,1.973449044381466e-09
1073728663.0,2.8804617032077013e-09
1083051841.0,2.049330394078041e-06
1083664460.0,3.6094769972502607e-09
1104020858.0,3.2734156367217515e-06
1104812601.0,1.2263244532256086e-08
1104969740.0,2.411477342075122e-09
1114927365.0,3.394332356338441e-09
1114929544.0,4.866293172965122e-09
1134129349.0,3.6682935177886037e-09
1134306517.0,4.728538690655857e-09
1144220385.0,1.9595188158329982e-09
1154476190.0,2.128229361586572e-09
1174548499.0,1.4564662187042651e-06
1184606196.0,2.2721750565879584e-09
1184864845.0,2.298487710513901e-09
1194931568.0,4.700678233553674e-09
1205137585.0,1.116120867374329e-08
1205858024.0,5.141802137583931e-09
1205869948.0,3.2983685596621507e-09
1215993928.0,3.1002497536420285e-09
1225014756.0,9.961661215394676e-09
1225035348.0,3.4067147817088727e-09
1225396039.0,2.5817356909996894e-09
1265483242.0,2.1994283075010086e-09
1275535601.0,4.962256969634647e-09
1275630279.0,1.6211690424167366e-08
1285633016.0,5.3925462514662934e-09
1285658252.0,3.3958801595025294e-09
1295042224.0,5.279556619909492e-09
1295875060.0,7.400046965632951e-09
1306010608.0,3.394332356338441e-09
1306879838.0,2.3591748461150913e-06
1326041153.0,2.3062267263728717e-09
1336190701.0,1.9719012412090915e-09
1346390531.0,6.1076313169567955e-09
1346574308.0,1.4925465988198382e-08
1356333751.0,1.7336943330275715e-08
1366609448.0,9.138229927856208e-09
1386637338.0,8.50827403682972e-09
1417199217.0,4.084345147802049e-09
1417939539.0,2.6544824400894015e-09
1427056175.0,2.3248003644384626e-09
1427078849.0,5.141802137583931e-09
1447245899.0,1.4533871785676092e-08
1457311912.0,3.6497198797259137e-09
1457317570.0,1.430015350668846e-08
1457343683.0,2.953208452296032e-09
1457438178.0,7.575836887339498e-09
1467411132.0,3.63424184800521e-09
1467411694.0,3.725562235157611e-09
1467454983.0,4.779616195332605e-09
1467614016.0,1.8882768590358147e-06
1477552107.0,2.993451334770166e-09
1477760403.0,5.073698798019352e-09
1487831673.0,7.157041867617706e-09
1508181181.0,1.499202152460495e-08
1518058502.0,3.4732703181106063e-09
1518958917.0,2.4579114372332294e-09
1518968825.0,1.927014949219078e-09
1528078698.0,3.287533937459812e-09
1548422694.0,2.563844384899145e-07
1558576660.0,2.5801878878300772e-09
1568407583.0,1.4925465988198382e-08
1578564613.0,2.628324566479895e-08
1578790341.0,9.61650110803201e-09
1588655989.0,4.0970349964481524e-09
1588666028.0,6.988331321863717e-09
1609037027.0,1.0480272665176375e-06
1619125127.0,3.6094769972502607e-09
1619933207.0,2.1437073933060333e-09
1619979135.0,2.2551492216975035e-09
1619998085.0,2.1215738079479866e-08
1629071428.0,9.093343635863434e-09
1629390562.0,2.0910820854570486e-09
1639318611.0,2.1793068662647017e-09
1649276171.0,2.5801878878300772e-09
1649431990.0,1.8991544921208997e-09
1669477915.0,9.844028174322958e-09
1669616199.0,2.332539380300057e-09
1689627697.0,9.761994606199279e-09
1689679938.0,3.244195448640653e-09
1689692733.0,2.8711748841777373e-09
1699749036.0,2.498154319709159e-09
1699752162.0,5.187303121113885e-07
1699754895.0,2.8804617032077013e-09
1710966957.0,3.733301251016721e-09
1710972161.0,2.578640084657703e-09
1710988092.0,5.554482602144612e-07
1720079122.0,9.040718328020388e-09
1720325046.0,3.3958801595025294e-09
1760567028.0,7.587331149449352e-09
1770570798.0,3.27205590573607e-09
1770593899.0,3.287533937459812e-09
1770746604.0,3.762709511285753e-09
1770798019.0,3.3246812135907165e-09
1780683805.0,2.3774256722888283e-09
1790776078.0,4.2502675104836475e-09
1821134404.0,9.093343635863434e-09
1821244773.0,2.2351825607779377e-08
1841226909.0,5.488510048138857e-09
1851378871.0,5.64638597168595e-09
1861474991.0,5.637099152651704e-09
1902098544.0,2.036908974432789e-09
1912902081.0,2.155780258047624e-08
1912969585.0,6.050362599593035e-09
1922004027.0,2.5817356909996894e-09
1922326396.0,3.717823219292978e-09
1932102696.0,4.5814973893095835e-09
1932181880.0,2.578640084657703e-09
1932299054.0,1.9130847206707485e-09
1932342185.0,2.7272291891762123e-09
1932362639.0,3.27205590573607e-09
1962642298.0,1.0918203575739649e-08
1972525400.0,6.872246083969898e-09
1972563427.0,3.160614077351365e-09
1982688826.0,9.737229755452893e-09
1982728283.0,3.287533937459812e-09
1982790200.0,2.5817356909996894e-09
1992091755.0,1.6576971972796165e-09
1992707418.0,2.4470768150310294e-09
1013193663.0,9.36265697099333e-07
1013437789.0,6.23846470725994e-08
1013915990.0,8.001988299418178e-08
1013984293.0,7.500486277898689e-08
1013989581.0,6.514015268535178e-07
1023072329.0,6.712411672651997e-08
1023125069.0,6.602191448142548e-08
1033183454.0,2.871792097997975e-06
1043228059.0,6.679345605299996e-08
1053385955.0,1.6884976645416184e-07
1053470526.0,6.260508752161585e-08
1053571240.0,6.888764031867843e-07
1063511996.0,7.004495267603329e-08
1063621290.0,6.271530774612492e-08
1063678001.0,7.008966931720727e-08
1063822716.0,6.23846470725994e-08
1083618540.0,6.897812156127347e-07
1083685879.0,2.3344643551198843e-07
1083694442.0,7.544574367702645e-08
1083891378.0,5.596648211582765e-07
1093034258.0,6.337662909319144e-08
1093713166.0,2.551598197403851e-07
1093783409.0,7.857183006558905e-08
1093911588.0,2.8688176543651392e-06
1093955320.0,7.258001783977043e-08
1104138676.0,9.682846723195948e-08
1104275387.0,6.243975718485668e-08
1104848613.0,4.698688170856762e-07
1104864214.0,6.888764031867843e-07
1104866441.0,2.848641702458395e-07
1104894104.0,8.916816162850902e-08
1114974334.0,3.597588128003362e-07
1124025317.0,5.811912438406833e-07
1124061221.0,1.6419783736244303e-07
1124067350.0,3.464772757468987e-07
1124080817.0,8.894772117949255e-08
1124193743.0,2.5510470962817423e-07
1134264708.0,2.7518518123048873e-05
1134502685.0,2.958310825845989e-07
1144291147.0,4.072534046034598e-06
1144386582.0,6.723433695103952e-08
1154435758.0,7.23595773907534e-08
1154717619.0,3.464772757468987e-07
1164422325.0,1.791078648285914e-06
1164483038.0,1.589375637432796e-07
1164491551.0,6.888764031867843e-07
1174609580.0,9.346675038439113e-08
1174863054.0,6.177843583779568e-08
1184030884.0,6.243975718485668e-08
1184610289.0,6.216420662358292e-08
1184718462.0,1.3044563570746572e-07
1184759300.0,6.093525112029225e-07
1184817884.0,1.7026537673065693e-07
1194756593.0,9.60018155481277e-08
1194760116.0,6.679345605299996e-08
1194782078.0,6.855697964515654e-08
1194983189.0,9.627736610940092e-08
1205802832.0,7.411682603697726e-08
1215071972.0,6.78067940999755e-07
1225181811.0,3.641443630304915e-06
1225194178.0,1.3561202188185538e-07
1225268121.0,7.142270548240761e-08
1225559412.0,2.3339132539974107e-07
1235122300.0,7.422079116825692e-07
1235127747.0,1.0366212115156106e-07
1235332263.0,7.004495267603329e-08
1245231414.0,7.952389198389709e-08
1245243955.0,8.797094137098829e-08
1245259027.0,7.908301108585753e-08
1245265214.0,8.436411917958186e-08
1245269547.0,3.1539517243504066e-07
1245424084.0,1.0283546946773482e-07
1255307872.0,3.464772757468987e-07
1255366845.0,1.080709301319622e-07
1275500498.0,1.7918052204412068e-06
1275778177.0,1.5502474577315984e-07
1285603126.0,6.199887628682265e-08
1295775534.0,2.848641702458395e-07
1306057294.0,7.12022650333961e-08
1306800040.0,6.712411672651997e-08
1306832662.0,2.6154492623176646e-06
1316250723.0,9.489961330301555e-08
1316920390.0,2.3317088495066994e-07
1326061110.0,1.811469389820118e-07
1326114331.0,6.139266505201285e-08
1326215690.0,6.987962233927357e-08
1346214798.0,1.0966912338734192e-07
1346234838.0,7.004495267603329e-08
1346248291.0,1.8406777493152015e-07
1346322161.0,6.855697964515654e-08
1346662947.0,1.928853928923224e-07
1346690385.0,6.337662909319144e-08
1356340632.0,6.850186953289925e-08
1366454456.0,2.542780579442972e-07
1366491094.0,8.35469301785049e-08
1376564435.0,6.799255682848937e-08
1376603472.0,6.888764031867843e-07
1386606051.0,8.889261106723526e-08
1396064424.0,1.803815047829674e-06
1396740767.0,7.193522952638607e-07
1396741278.0,1.3642431217815076e-06
1396795100.0,6.844675942063699e-08
1396856605.0,1.791078648285914e-06
1407016918.0,1.6851190238499995e-06
1407116593.0,6.210909651133117e-08
1407189269.0,3.464772757468987e-07
1407899586.0,1.6419783736244303e-07
1407906613.0,6.888764031868703e-08
1417910704.0,4.6737474093067996e-07
1427024777.0,2.3344643551198843e-07
1427046556.0,8.889261106723526e-08
1427073873.0,8.327137961722562e-08
1427098847.0,1.6419783736244303e-07
1427281559.0,1.0498476384568416e-07
1437178977.0,6.208705246642724e-07
1437181021.0,3.085064084032547e-07
1437181336.0,2.1173305128350228e-07
1437351178.0,9.60018155481277e-08
1447209614.0,2.848641702458395e-07
1447224910.0,7.28555684010442e-08
1467446336.0,6.549836841500429e-07
1467480350.0,6.888764031867843e-07
1477793735.0,9.445541554933068e-08
1487060174.0,6.249486729711343e-08
1487655676.0,6.514015268535178e-07
1487800306.0,6.243975718485668e-08
1487980793.0,1.3463400423883878e-07
1497706097.0,1.0559097508047185e-07
1497723944.0,8.889261106723526e-08
1497742878.0,5.855449427087619e-07
1497855340.0,2.6381210736445964e-07
1497890107.0,6.888764031867843e-07
1497979272.0,2.0886732544628324e-07
1508059346.0,6.217523731514886e-08
1508868233.0,3.3831951198393476e-06
1508898792.0,6.243975718485668e-08
1508997180.0,6.387262010348166e-08
1518057702.0,7.636248628595601e-07
1518121136.0,6.855697964515654e-08
1528019866.0,8.029543355546107e-08
1528052347.0,6.442372122604023e-08
1528099355.0,6.093525112029225e-07
1538328927.0,2.610042471450437e-05
1548232192.0,5.995429112216768e-07
1548368327.0,7.544574367702645e-08
1548444136.0,1.8939423561073483e-07
1548498272.0,6.062112348044887e-08
1548573140.0,7.550085378928873e-08
1548585292.0,1.308865166054876e-07
1548619075.0,6.249486729711343e-08
1558368811.0,7.742970771820449e-08
1558424945.0,1.7784033224671565e-07
1568414563.0,6.850186953289925e-08
1568429280.0,6.089667404170606e-08
1568482867.0,6.624235493044746e-08
1568515161.0,3.6414987404171496e-06
1568758423.0,6.337662909319144e-08
1568789139.0,5.281202057391907e-07
1568827798.0,2.957759724723195e-07
1578536298.0,6.818390681131445e-08
1578553913.0,3.153400623228276e-07
1578557336.0,4.1266452056503914e-07
1578678884.0,6.243975718485668e-08
1578692612.0,8.205895714761709e-08
1578875381.0,2.0038036815900154e-07
1588622427.0,1.5044361270316566e-07
1588722896.0,1.314934589065394e-06
1598730921.0,1.351299952491301e-07
1598739922.0,4.723254974386553e-07
1598785115.0,6.177843583779568e-08
1598811986.0,3.464772757468987e-07
1598865503.0,1.8621706930946284e-07
1609862358.0,6.624235493044746e-08
1609892744.0,1.7585636820554368e-07
1609913391.0,9.506494363979794e-08
1619036639.0,2.3344643551198843e-07
1619130499.0,1.798794064001681e-07
1619374527.0,1.0096172565106475e-07
1629009881.0,6.365217965447073e-08
1629057492.0,5.994878011094196e-07
1629089982.0,7.325722487559974e-08
1629460621.0,6.888764031867843e-07
1639118938.0,5.924337067406959e-08
1649241001.0,6.723433695103952e-08
1649490251.0,6.519526279759315e-08
1659362408.0,3.464772757468987e-07
1659386399.0,9.159300656771555e-08
1669453965.0,1.791078648285914e-06
1669470365.0,1.3226426941187903e-07
1669884607.0,8.492468298487922e-08
1679560650.0,1.2895766267657183e-07
1679837454.0,1.1242462900010657e-07
1689601056.0,6.519526279759315e-08
1689649626.0,9.50098335275296e-08
1689968570.0,1.2961898402364388e-07
1699738435.0,6.243975718485668e-08
1699783456.0,5.811912438406833e-07
1700025004.0,5.811912438406833e-07
1700237161.0,6.337662909319144e-08
1700258241.0,2.958310825845989e-07
1710001698.0,1.791078648285914e-06
1710240353.0,5.511011225494963e-07
1710290010.0,1.0498476384568416e-07
1710327986.0,5.9188260561806776e-08
1720040108.0,6.667566631449403e-07
1720461908.0,6.249486729711343e-08
1730121807.0,7.445376165643442e-08
1730323841.0,1.6443794943040967e-06
1740235944.0,1.5689196733225168e-07
1740297399.0,1.1209396832655395e-07
1740635507.0,8.492468298487922e-08
1750390340.0,6.447883133828591e-08
1750420303.0,7.979944254517084e-08
1750801148.0,2.3339132539974107e-07
1760417364.0,5.64988870837764e-07
1770529562.0,1.30500745819723e-07
1770580318.0,6.982451222701683e-08
1770937922.0,8.486957287261639e-08
1780066837.0,6.337662909319144e-08
1780657577.0,7.302089873779783e-08
1780750299.0,7.798080884076304e-08
1780940601.0,7.147781559465329e-08
1790019032.0,5.902293022505009e-08
1790764207.0,2.3439659938890726e-06
1801084660.0,6.249486729711343e-08
1801236047.0,6.23846470725994e-08
1801246897.0,6.337662909319144e-08
1811251887.0,4.658911534296287e-07
1821062985.0,8.492468298487922e-08
1821473331.0,7.544574367702645e-08
1841379286.0,7.030397614124645e-08
1841580750.0,6.062112348044887e-08
1841649126.0,3.464772757468987e-07
1851774145.0,3.464772757468987e-07
1861475758.0,6.695364875063925e-08
1861509135.0,6.888764031867843e-07
1861781734.0,6.949385155348026e-08
1871715771.0,6.209256347765342e-07
1881696730.0,2.848641702458395e-07
1891181467.0,7.339876369004595e-07
1891746962.0,2.0049058838350508e-07
1891764155.0,2.848641702458395e-07
1891925384.0,9.506494363979794e-08
1902233992.0,6.381753947563575e-07
1902802069.0,9.141321317234017e-07
1902854367.0,6.084156392947087e-08
1902874654.0,6.365217965447073e-08
1902980857.0,9.37974110579161e-08
1912355900.0,6.243975718485668e-08
1922072552.0,3.464772757468987e-07
1922187277.0,9.545071442556915e-08
1922529593.0,7.544574367702645e-08
1942526660.0,6.580147403241952e-08
1952352742.0,5.7645177418676333e-08
1972579126.0,2.656716476862135e-06
1972899300.0,9.407296161920036e-08
1982085239.0,6.337662909319144e-08
1992777650.0,6.888764031867843e-07
1992888341.0,1.914800850298158e-06
1194088690.0,6.2361966211948305e-24
1376509141.0,6.2361966211948305e-24
1235136193.0,3.527625413201508e-11
1245205608.0,1.7177149138975314e-10
1285628180.0,6.051561297345994e-11
1316234263.0,5.149221525293468e-11
1487644001.0,4.809209437273186e-11
1538136387.0,5.149221525293468e-11
1588079727.0,1.3659331766779068e-10
1710085345.0,8.915509269503262e-11
1770546533.0,4.4920827782564226e-11
1801821491.0,1.2711221136729107e-10
1801987961.0,8.183175541466758e-11
1871695809.0,1.4974385107740346e-06
1962479576.0,5.149221525293468e-11
1043284763.0,4.944880807150618e-09
1467491050.0,6.669667076710623e-09
1508128398.0,6.669667076710623e-09
1003868498.0,3.977505165191443e-12
1023304185.0,6.080012826520724e-12
1033375068.0,4.8404747276405655e-12
1053313239.0,4.660035637308159e-12
1053431056.0,4.8404747276405655e-12
1063467249.0,3.799681134008112e-12
1063620953.0,6.080012826520724e-12
1083661060.0,4.845704846111338e-12
1104821834.0,4.65219045949837e-12
1124096607.0,4.65219045949837e-12
1164475422.0,3.977505165191443e-12
1215924048.0,3.6401625180249925e-12
1215961826.0,4.845704846111338e-12
1245522259.0,3.799681134008112e-12
1265682512.0,3.799681134008112e-12
1295788693.0,4.845704846111338e-12
1336309707.0,3.977505165191443e-12
1386658201.0,3.6401625180249925e-12
1396946398.0,4.150099077878026e-12
1417107814.0,3.977505165191443e-12
1427045871.0,4.845704846111338e-12
1447252630.0,4.660035637308159e-12
1457550584.0,6.080012826520724e-12
1477644615.0,3.1302259584222356e-12
1487607859.0,4.845704846111338e-12
1487970620.0,3.977505165191443e-12
1487975496.0,4.845704846111338e-12
1497757694.0,4.660035637308159e-12
1528046299.0,4.150099077878026e-12
1568455038.0,4.539742910425661e-12
1598765422.0,5.605379567221955e-10
1609037845.0,3.6401625180249925e-12
1619911591.0,3.799681134008112e-12
1699724799.0,3.1302259584222356e-12
1740214428.0,4.845704846111338e-12
1780655902.0,4.65219045949837e-12
1790709590.0,3.1302259584222356e-12
1790946218.0,3.977505165191443e-12
1821094996.0,4.8404747276405655e-12
1861443830.0,3.799681134008112e-12
1871602797.0,4.65219045949837e-12
1902929623.0,6.080012826520724e-12
1922252220.0,3.977505165191443e-12
1922273648.0,3.799681134008112e-12
1942293436.0,4.539742910425661e-12
1003886706.0,1.1193488965049193e-09
1033257407.0,9.521271157868568e-10
1063599835.0,9.52775262224226e-10
1073974044.0,1.2165708620380897e-09
1083683213.0,2.7572149425197116e-09
1093853293.0,1.9580503858360085e-09
1124102777.0,7.512017203525027e-10
1154327682.0,1.1387932896116018e-09
1255311031.0,2.3352716121055703e-09
1255348918.0,2.268512529105778e-08
1285626358.0,1.0046269771757937e-09
1306874136.0,1.2215848346207938e-06
1316118953.0,1.8997172065173073e-09
1316983034.0,8.224978284102172e-10
1346484813.0,1.1841635401935845e-09
1376508028.0,2.4670422381010434e-06
1427082734.0,1.173793197203858e-09
1427120583.0,2.2516607217476957e-09
1427240597.0,1.1887005652520624e-09
1437224300.0,1.3299964884931328e-09
1447358775.0,1.7292546936154712e-09
1457796211.0,1.0046269771757937e-09
1497135503.0,1.2165708620380897e-09
1497863518.0,9.326827226808304e-10
1508946971.0,3.6795273222118856e-09
1518074467.0,2.0844389410302896e-09
1528069200.0,1.2042560797369802e-09
1528244456.0,1.0804601102914853e-09
1568681336.0,2.9620292165764345e-09
1598724551.0,6.876833695377129e-10
1598961062.0,8.996272543994912e-10
1619957396.0,8.017571424299873e-10
1619990876.0,1.6287919958988376e-09
1639329840.0,1.2308300836492356e-09
1659334332.0,9.236086725648759e-10
1710109608.0,1.9457356035352444e-09
1710983192.0,1.330644634930122e-09
1720111537.0,2.2717532612920588e-09
1740384080.0,1.374401000884461e-07
1801885579.0,8.523125645067815e-10
1801958798.0,7.362943523044882e-10
1821178005.0,1.133608118116445e-09
1831550888.0,1.2165708620380897e-09
1841255296.0,1.9813836575648694e-09
1881633576.0,3.3911021577945265e-09
1881669828.0,7.920349458766289e-10
1932378304.0,9.437012121082716e-10
1972538932.0,1.0804601102914853e-09
1982718417.0,6.721278550523292e-10
1033291844.0,2.541420346717692e-07
1053345934.0,4.4831587547420684e-07
1083677819.0,3.0580980979403124e-07
1083733349.0,1.2665133324193048e-07
1083881635.0,9.876565677702799e-08
1124021399.0,1.222679660384174e-07
1124373246.0,1.3700354089278173e-07
1164443354.0,2.1114773082454238e-07
1164485397.0,3.454466408896266e-07
1174521165.0,1.0697281239211664e-07
1174564504.0,1.6088603280042765e-06
1184689655.0,9.792628858912419e-08
1194791574.0,9.866935816546545e-07
1205862075.0,1.1667217811903912e-07
1215963038.0,1.1835091449485085e-07
1225131824.0,1.105168114077247e-07
1225272735.0,7.824776773930759e-08
1255569596.0,2.615098220989496e-07
1255691820.0,2.017537104835539e-06
1265425706.0,2.9922720266402926e-06
1275519530.0,7.909873305503083e-07
1295068476.0,9.969828809692538e-08
1306927967.0,2.7316771359765556e-07
1376703132.0,3.172783170426335e-06
1417224684.0,8.785657694601176e-06
1427284439.0,1.8596668518734133e-07
1447259023.0,1.9156247310672073e-07
1467415315.0,3.454466408896266e-07
1508062134.0,1.229208079623445e-07
1508860990.0,4.4831587547420684e-07
1548523244.0,3.5719779552032015e-07
1558463232.0,1.0333555024452039e-07
1578528410.0,1.0275935093204605e-06
1578529210.0,1.0865154876792838e-07
1629097571.0,1.4576430757569248e-06
1639161961.0,1.3115127519510872e-06
1639162241.0,3.236230680040543e-07
1689901324.0,1.0128376134075016e-07
1699748459.0,8.113892483098609e-07
1700826690.0,9.969828809692538e-08
1760431548.0,1.1210228465154823e-07
1760589824.0,2.091331254655554e-06
1770520827.0,5.227398548019319e-07
1780817585.0,2.7316771359765556e-07
1780849281.0,3.454466408896266e-07
1790825040.0,1.6237111279396345e-07
1831165869.0,1.3746985655272982e-07
1861484545.0,3.833310316673517e-06
1881693109.0,2.335569961790156e-05
1891008942.0,9.969828809692538e-08
1891846614.0,1.4082732930435593e-07
1932140936.0,1.8596668518734133e-07
1952341398.0,1.042681815644193e-07
1992798813.0,2.1991446523157104e-07
1104810860.0,1.9941226179023974e-06
1134196132.0,4.874920819282548e-06
1144532748.0,7.71982122376079e-06
1144586439.0,4.024582487519602e-06
1154301927.0,2.019251075733753e-06
1295702330.0,4.874920819282548e-06
1295774503.0,2.019251075733753e-06
1366866006.0,2.8772084216899622e-06
1386955326.0,6.247339220214014e-06
1508833062.0,2.229253187610067e-06
1508875774.0,5.020823039018746e-06
1548247679.0,2.596555146063841e-06
1548425093.0,5.7593516456977825e-06
1578639381.0,9.728302960423949e-06
1598831760.0,1.9025832358024736e-06
1598868879.0,9.214964464726308e-06
1598980724.0,4.364900777108487e-06
1649478983.0,1.992255817585246e-05
1720074487.0,4.812812412980528e-06
1740296615.0,4.640603344386827e-06
1750573812.0,2.8943264716307087e-06
1790714970.0,3.293427996930202e-06
1821392986.0,9.15752798968321e-06
1861438103.0,2.624128953531333e-06
1932149929.0,2.0648457554152284e-05
1962653998.0,4.729943317650387e-06
1003143280.0,1.0709535450459794e-06
1003171141.0,4.786069996262248e-07
1003296245.0,4.5871196356333073e-07
1003807546.0,1.7548923319628248e-06
1003876947.0,3.833360533476874e-06
1003894700.0,5.563102536831891e-07
1003992876.0,1.1685518351658349e-06
1013371574.0,4.7222557296454253e-07
1013918440.0,1.0480554846717033e-06
1013985936.0,3.990268553746494e-07
1023026713.0,9.253068659440362e-07
1023371762.0,1.7293666253160941e-06
1033104484.0,5.855897407191462e-07
1033105382.0,4.568350733687186e-07
1033110515.0,5.176463156741684e-07
1033137971.0,6.10740069326956e-07
1033146154.0,6.006048622760481e-07
1043202138.0,4.2680483025491656e-07
1043205370.0,4.951236333388169e-07
1043213465.0,1.554065081139272e-06
1043277668.0,5.326614372310698e-07
1053317438.0,1.221855516692834e-06
1053349480.0,4.574732160348868e-06
1053391854.0,6.651698849707226e-07
1053520361.0,5.116402670514081e-07
1053632471.0,2.250015965301641e-06
1063419414.0,4.5007826866811315e-07
1063427797.0,1.3018110389833322e-06
1063501559.0,2.123513566184752e-06
1073507943.0,4.1629424516508553e-07
1073594107.0,6.069862889377305e-07
1073769170.0,7.349902002103135e-07
1083620116.0,2.4564738867090327e-06
1083647564.0,8.190748809289595e-07
1083652812.0,4.560843172908734e-07
1083677215.0,4.3281087887767683e-07
1083960124.0,4.868653164825208e-07
1093731341.0,7.436238951055314e-07
1093734436.0,1.1328909214681936e-06
1093766156.0,7.169720543420321e-07
1093796625.0,1.208341907291623e-06
1104084144.0,4.466998663178105e-07
1104267830.0,1.548809788594357e-06
1104802651.0,5.705746191622457e-07
1104806470.0,4.913698529495922e-07
1104820687.0,4.838622921711407e-07
1104824119.0,1.1298878971568157e-06
1104842434.0,9.174239271266615e-07
1104896877.0,1.6580447979208134e-06
1104897172.0,7.079629814078914e-07
1114227683.0,2.580724017592392e-06
1114925831.0,8.536096605098331e-07
1124009188.0,2.43207431417907e-06
1124016878.0,1.2289876994323616e-06
1124021605.0,1.0533107772166191e-06
1124051669.0,9.174239271266615e-07
1124204136.0,1.2485073574563336e-06
1124226907.0,2.5589520913348846e-06
1124348784.0,2.092732566993102e-06
1134103666.0,1.2289876994323616e-06
1134115082.0,4.5345667101841575e-07
1134216757.0,2.2920583056609647e-06
1134381593.0,1.5660771783847943e-06
1144213745.0,1.765402917052655e-06
1144228453.0,4.936221211831268e-07
1154312569.0,6.542839218419693e-07
1154334654.0,4.5420742709626087e-07
1154382604.0,5.705746191622457e-07
1154648673.0,6.959508841623701e-07
1164406344.0,1.3164507825013111e-06
1164417648.0,5.390428638927535e-07
1164471942.0,5.041327062729572e-07
1164492625.0,4.4069381769505e-07
1164539920.0,4.080364409359607e-07
1164697124.0,5.983525940425128e-07
1174518237.0,6.816865186833142e-07
1174568612.0,9.767336572764217e-07
1174732861.0,6.174968740275618e-07
1174814149.0,1.000382473728541e-06
1174963656.0,4.5345667101841575e-07
1184629552.0,5.469258027101257e-07
1184643488.0,5.807098262131537e-07
1184666554.0,1.3190784287737694e-06
1184695363.0,8.701262942224236e-07
1194083121.0,4.006785187459084e-06
1194163964.0,2.6430367720535303e-06
1194721506.0,1.856619780510831e-06
1194729566.0,1.5409268497769838e-06
1194766162.0,1.098356141887322e-06
1194769596.0,4.864899384435987e-07
1194785436.0,5.701992411233227e-07
1205821519.0,6.647945069318001e-07
1205890258.0,2.6111296387451137e-06
1215032958.0,1.501887533729042e-06
1215049762.0,7.308610417821651e-07
1215082656.0,1.1054883246268502e-06
1215970769.0,1.5356715572320703e-06
1225020001.0,5.630670583837945e-07
1235103631.0,5.758299117071608e-07
1235138975.0,4.868653164825208e-07
1235152406.0,1.165548810854455e-06
1235173808.0,3.5615868332969582e-06
1235353848.0,4.444475980842752e-07
1245262062.0,5.664454607340968e-07
1245292556.0,7.349902002103135e-07
1245545813.0,5.465504246712036e-07
1245586940.0,5.326614372310698e-07
1255302246.0,5.649439485784078e-07
1255302600.0,6.302597273509279e-07
1255309324.0,5.214000960633939e-07
1255374633.0,7.09839871602504e-07
1255562567.0,6.028571305095828e-07
1265431811.0,1.53417004507638e-06
1265483341.0,8.400960511086215e-07
1265630610.0,4.876160725603658e-07
1275501819.0,9.632200478752122e-07
1275517930.0,4.842376702100638e-07
1275567026.0,7.638943092073481e-07
1275584807.0,4.6284112199147914e-07
1275597619.0,4.77480865509458e-07
1275828931.0,4.5420742709626087e-07
1285624437.0,5.345383274256827e-07
1285630681.0,5.683223509287097e-07
1285639724.0,5.683223509287097e-07
1285650994.0,2.566835030152258e-06
1285676171.0,3.2015992939702575e-06
1285692863.0,5.720761313179349e-07
1285958579.0,5.015050600004996e-07
1295000586.0,7.391193586384608e-07
1295765030.0,5.172709376352456e-07
1295774024.0,9.20051573399119e-07
1295814598.0,1.2222308947317568e-06
1306004510.0,9.298114024111064e-07
1306073051.0,5.52181095255041e-07
1306125190.0,7.48503809611524e-07
1306133350.0,3.232380293161906e-06
1306805817.0,6.846895429946942e-07
1306885025.0,7.507560778450592e-07
1306889605.0,1.7973100503610742e-06
1306954722.0,1.283042137037206e-06
1316108269.0,2.255646635885481e-06
1316945132.0,1.0690766548513643e-06
1316974579.0,4.249279400603028e-07
1326234170.0,6.002294842371249e-07
1326450669.0,8.487297460038394e-07
1336107887.0,6.891940794617645e-07
1336136373.0,8.847660377404034e-07
1336155043.0,7.04920361204996e-07
1336477058.0,1.1201280681448283e-06
1346227238.0,2.6482920645984492e-06
1346230844.0,1.994758898834324e-06
1346320017.0,1.4932538388338222e-06
1346772274.0,5.38292107814908e-07
1356317267.0,5.123910231292531e-07
1356340269.0,4.887422066771342e-07
1356364434.0,1.1595427622316946e-06
1356653208.0,5.247784984136971e-07
1366418428.0,1.1520352014532446e-06
1366433823.0,1.7548923319628248e-06
1366434110.0,1.6621739563489629e-06
1366449431.0,2.012401666663683e-06
1366472979.0,5.555594976053442e-07
1366554552.0,7.807863209588622e-07
1366705808.0,5.319106811532248e-07
1366732273.0,4.658441463028592e-07
1366736704.0,1.4910015706002884e-06
1376507517.0,4.249279400603028e-07
1376530386.0,2.01352780078045e-06
1376567610.0,4.139669013237657e-06
1376580456.0,6.066109108988082e-07
1376586313.0,4.313093667219863e-06
1376590661.0,6.843141649557713e-07
1376630061.0,1.054061533294464e-06
1376738633.0,2.6565503814547424e-06
1386662260.0,1.1828162006448924e-06
1386679934.0,4.958743894166622e-07
1386689305.0,7.09839871602504e-07
1386930519.0,8.190748809289595e-07
1386932598.0,4.936221211831268e-07
1396700845.0,8.532342824709092e-07
1396709929.0,1.3892741220522824e-06
1396709945.0,4.3281087887767683e-07
1396743324.0,5.307845470364574e-07
1407002629.0,5.465504246712036e-07
1407016736.0,7.560113703899746e-07
1407064207.0,1.223357028848525e-06
1407140825.0,4.5345667101841575e-07
1407819162.0,6.302597273509279e-07
1407877855.0,4.688471706142394e-07
1407899727.0,1.2027112367077865e-06
1417140468.0,4.455737322010428e-07
1417272014.0,1.283792893115052e-06
1417911587.0,1.85924742678329e-06
1417917493.0,9.767336572764217e-07
1417949173.0,1.1880714931898067e-06
1417967191.0,6.587884583090396e-07
1417975384.0,6.10740069326956e-07
1427005735.0,1.0574399356447657e-06
1427117209.0,2.7564009398081356e-06
1437109543.0,1.448959230240965e-06
1437156098.0,5.319106811532248e-07
1437175544.0,1.6576694198818917e-06
1437266137.0,1.4268119259445355e-06
1437353943.0,1.434319486722986e-06
1437363009.0,7.349902002103135e-07
1447224118.0,1.9684824361097455e-06
1447256342.0,4.1742037928185285e-07
1447278395.0,4.954990113777393e-07
1447410964.0,4.954990113777393e-07
1457340317.0,1.939578327112713e-06
1457350522.0,5.311599250753801e-07
1457362386.0,7.856662354648546e-07
1457377715.0,6.704251775156381e-07
1457463648.0,7.807863209588622e-07
1457607087.0,6.843141649557713e-07
1457631467.0,5.585625219167244e-07
1457883332.0,1.2867959174264322e-06
1467454116.0,4.1817113535969813e-07
1467907253.0,7.12092139836039e-07
1477513711.0,2.1265165904961315e-06
1477523140.0,2.4110531439994087e-06
1477559920.0,5.195232058687812e-07
1477623494.0,5.153940474406334e-07
1477813400.0,9.065379639979093e-07
1487017281.0,5.093879988178724e-07
1487636403.0,4.4782600043457814e-07
1487639910.0,1.7642767829358897e-06
1487646410.0,4.789823776651481e-07
1497713630.0,5.792044828017444e-07
1497739957.0,5.51430339177196e-07
1497747588.0,4.2680483025491656e-07
1497753289.0,4.1817113535969813e-07
1497782536.0,4.81234645898683e-07
1497789051.0,1.3438533793426559e-06
1508825548.0,8.400960511086215e-07
1508829896.0,3.4073064592998037e-06
1508840281.0,4.876160725603658e-07
1518279066.0,1.221855516692834e-06
1518304377.0,1.3712559761840008e-06
1518929801.0,1.5011367776511964e-06
1518935501.0,5.686977289676327e-07
1518967884.0,7.01581554746209e-07
1528007176.0,1.0544369113333866e-06
1528022902.0,6.674221532042582e-07
1528050168.0,9.485803043572325e-07
1528051745.0,5.153940474406334e-07
1528075694.0,1.2289876994323616e-06
1538104880.0,5.176463156741684e-07
1538124441.0,9.482049263183102e-07
1538151899.0,4.264294522159935e-07
1538198353.0,6.066109108988082e-07
1538377668.0,6.719266896713279e-07
1548209752.0,1.8243372691634937e-06
1548224892.0,7.09839871602504e-07
1548240773.0,5.52181095255041e-07
1548253669.0,4.1629424516508553e-07
1548365836.0,2.4786211910054635e-06
1548464068.0,5.195232058687812e-07
1548471402.0,8.915228424410086e-07
1558324343.0,4.0202987968603003e-07
1558387308.0,2.6527966010655172e-06
1558399717.0,6.674221532042582e-07
1558464404.0,3.9264542871296605e-07
1558469080.0,4.568350733687186e-07
1558687996.0,2.9403361788801746e-06
1568436152.0,5.927219234586746e-07
1568460467.0,2.418936082816782e-06
1568490514.0,2.3690108036400846e-06
1568559045.0,5.4853992827749265e-06
1568675270.0,7.000800425905177e-07
1578513560.0,1.855869024432988e-06
1588629042.0,6.18998386183252e-07
1588677355.0,5.105141329346402e-07
1588761639.0,1.4339441086840643e-06
1588762272.0,7.12092139836039e-07
1588827828.0,5.33074353073885e-06
1598749012.0,6.280074591173923e-07
1598766115.0,7.17722810419877e-07
1598827792.0,4.440722200453528e-07
1609002195.0,1.8648780973671276e-06
1609849157.0,9.808628157045693e-07
1609869072.0,4.816100239376061e-07
1619102233.0,4.031560138027964e-07
1619902178.0,3.9677458714111414e-07
1619939337.0,5.403717125443933e-07
1629015680.0,6.749297139827086e-07
1629017322.0,4.786069996262248e-07
1629025093.0,4.932467431442046e-07
1629032776.0,6.174968740275618e-07
1629037775.0,6.505301414527439e-07
1629038393.0,3.9414694086865604e-07
1629049804.0,3.9527307498542373e-07
1629064530.0,4.36564659266902e-07
1629068911.0,6.539085438030471e-07
1629366828.0,1.1021099222765471e-06
1639116650.0,7.477530535336792e-07
1639141492.0,4.951236333388169e-07
1639159825.0,5.52181095255041e-07
1639361975.0,4.5233053690164843e-07
1649210683.0,6.422718245964488e-07
1649316803.0,1.0225297780249707e-06
1649457797.0,7.391193586384608e-07
1649618349.0,7.12092139836039e-07
1659309953.0,1.7931808919329243e-06
1659722783.0,4.147927330093955e-07
1669419297.0,1.853992134238374e-06
1669468583.0,4.36564659266902e-07
1669494985.0,1.140023104207722e-06
1669552824.0,8.83264525584713e-07
1669704607.0,5.623163023059497e-07
1669762910.0,4.444475980842752e-07
1679500813.0,4.883668286382109e-07
1679534226.0,1.0135207050908309e-06
1679797567.0,9.384450973063249e-07
1679835110.0,5.123910231292531e-07
1689617912.0,1.2188524923814538e-06
1689625675.0,6.486532512581318e-07
1689652786.0,8.663725138331985e-07
1699773481.0,4.1817113535969813e-07
1699774695.0,5.183595339481215e-06
1699776369.0,5.112648890124854e-07
1700820040.0,8.134442103451218e-07
1700854957.0,7.954260644768403e-07
1700856382.0,1.006763900390225e-06
1700886819.0,1.006763900390225e-06
1710094610.0,4.857391823657536e-07
1710391958.0,4.256786961381487e-07
1710920228.0,5.630670583837945e-07
1710955828.0,9.395712314230913e-07
1720053549.0,1.2890481856599675e-06
1720061401.0,5.51430339177196e-07
1720080849.0,1.030037338803422e-06
1730169079.0,6.552599047431676e-06
1730180308.0,2.3233748273740857e-06
1730325580.0,1.5765877634746242e-06
1730523374.0,6.399444807551283e-06
1740254309.0,4.3055861064414134e-07
1750566956.0,2.4898825321731397e-06
1760409734.0,9.997098409855043e-07
1760422794.0,6.422718245964488e-07
1760444111.0,5.120156450903301e-07
1760451975.0,5.090126207789504e-07
1760456214.0,1.444454693773895e-06
1760456826.0,8.021828691774458e-07
1760458244.0,4.4820137847350055e-07
1760484521.0,9.238053537883456e-07
1760617294.0,1.4346948647619087e-06
1770550766.0,6.610407265425745e-07
1770556847.0,1.3937786585193531e-06
1770580201.0,2.898293838520853e-06
1770581100.0,2.7428873304069252e-06
1770599516.0,4.928713651052818e-07
1770667388.0,9.286852682943379e-07
1780609701.0,1.1141220195220685e-06
1790760601.0,4.3769079338366984e-07
1790767457.0,1.7428802347173045e-06
1790769172.0,6.280074591173923e-07
1790788594.0,7.560113703899746e-07
1790971273.0,1.5382992035045264e-06
1801090642.0,5.386674858538302e-07
1801821194.0,2.0784682015140468e-06
1801853379.0,6.506052170605282e-06
1801930896.0,8.746308306894941e-07
1801935903.0,3.91143916557276e-07
1811258122.0,4.3769079338366984e-07
1811422884.0,4.6772103649747193e-07
1811938673.0,4.5345667101841575e-07
1811950793.0,6.880679453449968e-07
1821070947.0,1.275534576258757e-06
1821075417.0,1.3941540365582759e-06
1821080219.0,9.699768525758167e-07
1821085572.0,5.165201815574008e-07
1831163252.0,4.6734565845854953e-07
1831165877.0,1.0026347419620775e-06
1831181320.0,8.753815867673397e-07
1831325455.0,4.5045364670703524e-07
1831464965.0,4.6772103649747193e-07
1841240660.0,9.403219875009373e-07
1841264488.0,1.1347678116628066e-06
1841301744.0,1.2871712954653539e-06
1841377579.0,5.559348756442664e-07
1851305320.0,8.021828691774458e-07
1851371538.0,2.5548229329067393e-06
1851382626.0,5.214000960633939e-07
1851488548.0,6.06235532859886e-07
1851499834.0,1.7068439429807427e-06
1851614713.0,1.0788364838633517e-06
1861519985.0,1.2642732350910814e-06
1861689283.0,2.9808770070838104e-06
1861742124.0,9.238053537883456e-07
1871553842.0,9.767336572764217e-07
1871570465.0,4.5533356121302904e-07
1871769638.0,6.028571305095828e-07
1881646685.0,6.084878010934209e-07
1881650802.0,6.043586426652726e-07
1881656023.0,1.5011367776511964e-06
1881689297.0,1.1678010790879903e-06
1881763613.0,5.326614372310698e-07
1881870905.0,4.01842190666568e-06
1891087615.0,4.076605502698675e-07
1891721585.0,3.749275852758224e-06
1891792099.0,9.654723161087464e-07
1902007990.0,5.253415654720803e-06
1902241136.0,6.399444807551283e-06
1902807647.0,5.003789258837325e-07
1902809791.0,9.132947686985149e-07
1902845670.0,1.4767372051212322e-06
1902890270.0,2.024038385870279e-06
1902893027.0,9.298114024111064e-07
1902898539.0,1.4140490726211698e-06
1912009598.0,1.4973829972619724e-06
1912261280.0,5.473011807490484e-07
1912908294.0,5.311599250753801e-07
1912908914.0,8.641202455996618e-07
1912942939.0,5.274061446861545e-07
1912946617.0,4.786069996262248e-07
1912979436.0,5.548087415274989e-07
1922008820.0,4.6809641453639455e-07
1922045707.0,8.633694895218188e-07
1922072594.0,4.223002937878455e-07
1922113984.0,6.069862889377305e-07
1932512183.0,4.5345667101841575e-07
1932536232.0,4.568350733687186e-07
1932587763.0,4.92495987066359e-07
1942238159.0,4.1742037928185285e-07
1942239918.0,4.5345667101841575e-07
1942289509.0,4.147927330093955e-07
1942292313.0,4.947482552998943e-07
1942293360.0,2.3081995613346362e-06
1942523725.0,4.819854019765285e-07
1952465239.0,8.806368793122549e-07
1952625972.0,5.649439485784078e-07
1962415067.0,4.741024631591551e-07
1962428094.0,9.403219875009373e-07
1962472043.0,1.0555630454501535e-06
1962477349.0,6.535331657641243e-07
1962604355.0,4.144173549704729e-07
1962811497.0,4.819854019765285e-07
1972502730.0,4.868653164825208e-07
1972522373.0,1.2560149182347847e-06
1972539807.0,4.811220324870067e-06
1972567402.0,9.226792196715785e-07
1972866143.0,5.176463156741684e-07
1972953586.0,6.032325085485053e-07
1982621629.0,5.390428638927535e-07
1982667689.0,5.885927650305266e-07
1982688115.0,2.975621714538894e-06
1982697272.0,4.361892812279796e-07
1982830741.0,1.770282831558649e-06
1992703052.0,1.0349172533094142e-06
1992737332.0,5.664454607340968e-07
1992785109.0,5.52181095255041e-07
1992805519.0,1.3288382577857553e-06
1992841944.0,5.0751110862326e-07
1598748295.0,3.1182742216257137e-18
1043578206.0,2.9481101378561156e-09
1053524413.0,4.112469597840014e-09
1144294323.0,3.7043436015570124e-09
1235331695.0,4.335738525218356e-09
1689601288.0,8.589851851180188e-09
1871536417.0,7.867228763643733e-09
1922332873.0,4.112469597840014e-09
1023213204.0,5.32156999828743e-09
1053319467.0,5.32156999828743e-09
1073502126.0,4.90120815526256e-09
1144290875.0,3.683816151132247e-09
1164488987.0,6.287347565918729e-09
1205826674.0,3.7532587222611954e-06
1215955489.0,1.6919940849577333e-09
1275582587.0,1.9903153928996582e-09
1275662041.0,3.683816151132247e-09
1356601405.0,5.398410335176356e-09
1417948431.0,5.722345088758787e-09
1467423061.0,2.404650542822758e-09
1487644639.0,5.722345088758787e-09
1538361076.0,1.3007110361024438e-08
1578715454.0,6.246667387562812e-09
1609940949.0,2.6683183655050113e-09
1639158173.0,1.6919940849577333e-09
1689663775.0,3.83900349819186e-09
1720058308.0,3.683816151132247e-09
1730147554.0,2.404650542822758e-09
1780663229.0,1.6919940849577333e-09
1861622532.0,5.32156999828743e-09
1861746935.0,2.3187701662935364e-09
1902857410.0,2.3187701662935364e-09
1922131994.0,3.2679743279355345e-09
1124265087.0,2.2486833761279916e-10
1144479627.0,1.0192197221225952e-09
1154384170.0,2.5107643104994e-10
1285627745.0,1.8287746967478936e-10
1295747897.0,1.840358384454849e-10
1346242773.0,3.2173692606284165e-10
1386063634.0,1.8577339160152876e-10
1386630424.0,1.733209273164748e-10
1457437931.0,2.2486833761279916e-10
1477643294.0,1.8606298379422395e-10
1548232523.0,2.4818050912320056e-10
1639171226.0,1.6926663661901828e-10
1689615601.0,1.558005996595894e-10
1801048285.0,1.6202683180211641e-10
1801860879.0,1.6926663661901828e-10
1831255843.0,4.0760101119124257e-10
1922009307.0,2.6772798212883095e-10
1922065978.0,2.0763760214856098e-10
1992816615.0,1.7592725705056107e-10
