labelname,prscrbr_npi,total_opioid_payments,opioid_day_suply,opioid_clms,tot_day_suply,tot_clms
Indivior Inc.,1013903285,125,1114,41,1114,41
Indivior Inc.,1013914605,12.51,2328,243,2328,243
Indivior Inc.,1033183454,520.88,1108,73,1108,73
Indivior Inc.,1043255003,98.959999,2248,98,2248,98
Indivior Inc.,1053311761,16.209999,799,25,799,25
Indivior Inc.,1053385955,29.629999,6008,358,6008,358
Indivior Inc.,1053470526,11.36,1099,48,1099,48
Indivior Inc.,1053571240,125,2928,153,2928,153
Indivior Inc.,1063621290,11.38,711,27,711,27
Indivior Inc.,1063678001,12.34,481,25,481,25
Indivior Inc.,1063779742,26.83,89,11,89,11
Indivior Inc.,1083618540,125,7011,400,7011,400
Indivior Inc.,1093783409,14.1,2690,94,2690,94
Indivior Inc.,1104864214,125,1340,57,1340,57
Indivior Inc.,1114974334,65.279999,581,40,581,40
Indivior Inc.,1124025317,105.46,128,12,128,12
Indivior Inc.,1124061221,29.16,1770,59,1770,59
Indivior Inc.,1124193743,46.290001,3464,185,3464,185
Indivior Inc.,1164483038,28.84,2139,192,2139,192
Indivior Inc.,1164491551,125,1108,41,1108,41
Indivior Inc.,1164587697,125,614,23,614,23
Indivior Inc.,1184625840,13.11,2526,85,2526,85
Indivior Inc.,1184759300,110.57,1191,47,1191,47
Indivior Inc.,1184817884,30.030001,606,31,606,31
Indivior Inc.,1194703413,125,771,47,771,47
Indivior Inc.,1194756593,17.42,291,43,291,43
Indivior Inc.,1194830455,325,553,54,553,54
Indivior Inc.,1205802832,13.2,310,22,310,22
Indivior Inc.,1215071972,12.83,2911,106,2911,106
Indivior Inc.,1225194178,24.41,1369,52,1369,52
Indivior Inc.,1235122300,22.969999,1551,52,1551,52
Indivior Inc.,1235127747,18.809999,1439,69,1439,69
Indivior Inc.,1235135997,46.189999,2472,131,2472,131
Indivior Inc.,1245243955,15.76,1609,137,1609,137
Indivior Inc.,1245259027,14.35,189,25,189,25
Indivior Inc.,1245265214,15.09,3777,411,3777,411
Indivior Inc.,1245269547,57.23,1575,85,1575,85
Indivior Inc.,1255394714,19.99,693,28,693,28
Indivior Inc.,1275500498,325,686,72,686,72
Indivior Inc.,1275623506,15.47,1255,44,1255,44
Indivior Inc.,1285603126,11.25,3265,119,3265,119
Indivior Inc.,1306827092,16.059999,1157,50,1157,50
Indivior Inc.,1306832662,14.58,2142,78,2142,78
Indivior Inc.,1316048093,10.69,613,31,613,31
Indivior Inc.,1316250723,17.219999,234,21,234,21
Indivior Inc.,1326081241,2323.3899,4441,201,4441,201
Indivior Inc.,1326121427,110.56,2835,132,2835,132
Indivior Inc.,1336140599,31.83,510,17,510,17
Indivior Inc.,1346248291,33.400002,5515,201,5515,201
Indivior Inc.,1346283637,36.959999,1545,55,1545,55
Indivior Inc.,1346322161,12.44,2819,100,2819,100
Indivior Inc.,1366544710,153.35001,723,29,723,29
Indivior Inc.,1376564435,11.77,4089,300,4089,300
Indivior Inc.,1396740767,130.53,195,15,195,15
Indivior Inc.,1396780409,40.889999,2545,129,2545,129
Indivior Inc.,1396856605,325,858,47,858,47
Indivior Inc.,1407899586,29.16,4823,166,4823,166
Indivior Inc.,1427024728,125,864,29,864,29
Indivior Inc.,1427098847,29.16,1080,36,1080,36
Indivior Inc.,1437351178,17.42,147,26,147,26
Indivior Inc.,1447209614,51.689999,3140,122,3140,122
Indivior Inc.,1447224910,13.22,550,25,550,25
Indivior Inc.,1467480350,125,763,32,763,32
Indivior Inc.,1477793735,16.73,1194,121,1194,121
Indivior Inc.,1487670246,17.27,3401,181,3401,181
Indivior Inc.,1487980793,24.43,487,46,487,46
Indivior Inc.,1497706097,19.16,659,22,659,22
Indivior Inc.,1497890107,125,3480,115,3480,115
Indivior Inc.,1508059346,10.92,2795,213,2795,213
Indivior Inc.,1528019866,14.57,978,63,978,63
Indivior Inc.,1528039476,41.900002,1237,62,1237,62
Indivior Inc.,1528087764,26.67,1439,56,1439,56
Indivior Inc.,1538318233,30.549999,1409,74,1409,74
Indivior Inc.,1548232192,108.79,773,38,773,38
Indivior Inc.,1548444136,34.130001,1438,50,1438,50
Indivior Inc.,1558424945,32.27,7007,270,7007,270
Indivior Inc.,1568515161,35.439999,2929,106,2929,106
Indivior Inc.,1578536298,12.22,2749,168,2749,168
Indivior Inc.,1578553913,57.220001,329,28,329,28
Indivior Inc.,1578692612,14.89,1240,147,1240,147
Indivior Inc.,1578875381,36.360001,202,11,202,11
Indivior Inc.,1588622427,27.01,3494,358,3494,358
Indivior Inc.,1588643233,108.78,1469,73,1469,73
Indivior Inc.,1588722185,73.68,1798,143,1798,143
Indivior Inc.,1588722896,14.71,704,38,704,38
Indivior Inc.,1598865503,33.790001,2910,167,2910,167
Indivior Inc.,1609892744,31.91,1848,94,1848,94
Indivior Inc.,1629089982,13.11,846,36,846,36
Indivior Inc.,1659386399,16.620001,379,17,379,17
Indivior Inc.,1669470365,24,390,13,390,13
Indivior Inc.,1669479283,136.48,1227,41,1227,41
Indivior Inc.,1720040108,27.51,523,19,523,19
Indivior Inc.,1730121807,13.51,2118,179,2118,179
Indivior Inc.,1740235944,28.08,572,24,572,24
Indivior Inc.,1740287127,430.53,524,19,524,19
Indivior Inc.,1740297399,20.34,1277,57,1277,57
Indivior Inc.,1750390340,11.7,825,28,825,28
Indivior Inc.,1750420303,14.48,860,43,860,43
Indivior Inc.,1760577324,2262.1699,7719,252,7719,252
Indivior Inc.,1770529562,23.68,4423,158,4423,158
Indivior Inc.,1770533267,29.450001,855,48,855,48
Indivior Inc.,1780767319,33.009998,540,19,540,19
Indivior Inc.,1790019032,10.71,2001,129,2001,129
Indivior Inc.,1841379286,12.21,7763,752,7763,752
Indivior Inc.,1841395928,19.82,1302,55,1302,55
Indivior Inc.,1861475758,11.81,1792,76,1792,76
Indivior Inc.,1861509135,125,420,14,420,14
Indivior Inc.,1891746962,36.380001,1704,82,1704,82
Indivior Inc.,1891925384,17.25,255,20,255,20
Indivior Inc.,1902802069,165.56,1065,61,1065,61
Indivior Inc.,1902833718,520.08002,1772,68,1772,68
Indivior Inc.,1962430314,23.42,882,31,882,31
Indivior Inc.,1962476267,12.72,1600,54,1600,54
Indivior Inc.,1962502492,19029.27,288,12,288,12
Indivior Inc.,1972815082,17.049999,1085,43,1085,43
Indivior Inc.,1982626818,21.049999,632,25,632,25
Indivior Inc.,1992777650,125,3065,128,3065,128
Indivior Inc.,1992888341,347.45001,753,43,753,43
Indivior Inc.,1992908503,14.65,2146,99,2146,99
Mylan Pharmaceuticals Inc.,1033327309,28.639999,2159,72,4283,144
Mylan Pharmaceuticals Inc.,1043284763,13.36,2014,63,256698,4539
Mylan Pharmaceuticals Inc.,1073771515,13.77,510,19,4143,371
Mylan Pharmaceuticals Inc.,1114102910,20.309999,2130,72,2267,94
Mylan Pharmaceuticals Inc.,1134192610,20.790001,495,17,551,64
Mylan Pharmaceuticals Inc.,1164424347,28.530001,570,17,570,17
Mylan Pharmaceuticals Inc.,1174740419,20.120001,2998,101,5571,203
Mylan Pharmaceuticals Inc.,1356375711,18.870001,685,26,1688,88
Mylan Pharmaceuticals Inc.,1366563744,20.790001,954,32,2058,87
Mylan Pharmaceuticals Inc.,1417915810,14.15,3615,147,4095,161
Mylan Pharmaceuticals Inc.,1457470429,13.14,1056,36,7697,295
Mylan Pharmaceuticals Inc.,1629066329,16.1,5205,176,16786,578
Mylan Pharmaceuticals Inc.,1659384014,14.22,4802,160,5721,215
Mylan Pharmaceuticals Inc.,1679789010,56.41,4721,162,8854,318
Mylan Pharmaceuticals Inc.,1750320461,21.450001,3328,113,7426,258
Mylan Pharmaceuticals Inc.,1770558413,35.700001,3390,113,6825,246
Mylan Pharmaceuticals Inc.,1780767319,53.759998,4035,138,12667,409
Mylan Pharmaceuticals Inc.,1801810247,20.790001,778,26,2251,133
Mylan Pharmaceuticals Inc.,1861494023,19.35,929,31,4541,147
Mylan Pharmaceuticals Inc.,1881846749,20.709999,1809,61,2664,94
Mylan Pharmaceuticals Inc.,1982606182,12.31,5175,173,13691,480
Mylan Pharmaceuticals Inc.,1992790927,11.27,2865,93,6688,210
"Orexo US, Inc.",1023197977,33.560001,182,13,182,13
"Orexo US, Inc.",1063460368,24.299999,429,20,429,20
"Orexo US, Inc.",1083618540,13.96,228,13,228,13
"Orexo US, Inc.",1154549889,16.290001,354,22,354,22
"Orexo US, Inc.",1326167883,13.07,394,24,394,24
"Orexo US, Inc.",1376564435,48.259998,137,11,137,11
"Orexo US, Inc.",1427105451,28.209999,173,12,173,12
"Orexo US, Inc.",1477793735,34.810001,485,29,485,29
"Orexo US, Inc.",1568426419,14.53,783,35,783,35
"Orexo US, Inc.",1568681336,45.700001,277,14,277,14
"Orexo US, Inc.",1588622427,24.549999,113,13,113,13
"Orexo US, Inc.",1619990876,25.129999,131,18,131,18
"Orexo US, Inc.",1659334332,14.25,334,14,334,14
"Orexo US, Inc.",1770533267,12.72,373,23,373,23
"Orexo US, Inc.",1841255296,30.57,259,23,259,23
"Orexo US, Inc.",1932378304,14.56,272,14,272,14
Purdue Pharma L.P.,1003022500,129.36,2887,99,2887,99
Purdue Pharma L.P.,1003120213,209.36,5615,214,5615,214
Purdue Pharma L.P.,1003807546,46.75,253,18,253,18
Purdue Pharma L.P.,1003876947,102.12,330,11,330,11
Purdue Pharma L.P.,1003992876,31.129999,2070,69,2070,69
Purdue Pharma L.P.,1013064377,34.02,1234,74,1234,74
Purdue Pharma L.P.,1013914605,30,344,14,344,14
Purdue Pharma L.P.,1013918440,27.92,720,24,720,24
Purdue Pharma L.P.,1013985936,10.63,705,21,705,21
Purdue Pharma L.P.,1013998467,60.950001,1295,46,1295,46
Purdue Pharma L.P.,1023245883,127.61,1330,47,1330,47
Purdue Pharma L.P.,1023259801,12.51,230,11,230,11
Purdue Pharma L.P.,1033111778,239.97,24794,845,24794,845
Purdue Pharma L.P.,1033327309,25.27,2631,91,2631,91
Purdue Pharma L.P.,1043205370,13.19,546,19,546,19
Purdue Pharma L.P.,1043213465,41.400002,735,28,735,28
Purdue Pharma L.P.,1043255003,138.96001,1826,66,1826,66
Purdue Pharma L.P.,1043277668,14.19,1276,79,1276,79
Purdue Pharma L.P.,1053315523,87.849998,1338,48,1338,48
Purdue Pharma L.P.,1053317438,32.549999,1050,34,1050,34
Purdue Pharma L.P.,1053327106,36.310001,1300,75,1300,75
Purdue Pharma L.P.,1053349480,121.87,600,20,600,20
Purdue Pharma L.P.,1053391854,17.719999,720,24,720,24
Purdue Pharma L.P.,1053434399,63.439999,1092,35,1092,35
Purdue Pharma L.P.,1063419414,11.99,780,26,780,26
Purdue Pharma L.P.,1063488781,127.22,750,25,750,25
Purdue Pharma L.P.,1063501559,56.57,390,13,390,13
Purdue Pharma L.P.,1073507943,11.09,654,25,654,25
Purdue Pharma L.P.,1073515375,207.74001,1171,41,1171,41
Purdue Pharma L.P.,1073594107,16.17,791,30,791,30
Purdue Pharma L.P.,1073771515,106.56,2221,75,2221,75
Purdue Pharma L.P.,1083607840,164.25,630,21,630,21
Purdue Pharma L.P.,1083614192,14.39,868,45,868,45
Purdue Pharma L.P.,1083620116,65.440002,702,23,702,23
Purdue Pharma L.P.,1083647564,21.82,1370,54,1370,54
Purdue Pharma L.P.,1083652812,12.15,510,17,510,17
Purdue Pharma L.P.,1083677215,11.53,883,58,883,58
Purdue Pharma L.P.,1093731341,19.809999,522,23,522,23
Purdue Pharma L.P.,1093734436,30.18,728,26,728,26
Purdue Pharma L.P.,1093751034,25.02,2512,125,2512,125
Purdue Pharma L.P.,1093756207,14.46,675,23,675,23
Purdue Pharma L.P.,1093833311,19.68,450,15,450,15
Purdue Pharma L.P.,1093892192,80.720001,390,13,390,13
Purdue Pharma L.P.,1093911588,74.18,394,14,394,14
Purdue Pharma L.P.,1104802651,15.2,420,14,420,14
Purdue Pharma L.P.,1104806470,13.09,1305,55,1305,55
Purdue Pharma L.P.,1104824119,30.1,360,12,360,12
Purdue Pharma L.P.,1104856657,101.04,2711,92,2711,92
Purdue Pharma L.P.,1104869031,194.19,2574,98,2574,98
Purdue Pharma L.P.,1104896877,44.169998,912,31,912,31
Purdue Pharma L.P.,1104912476,27.99,2534,89,2534,89
Purdue Pharma L.P.,1104969708,78.949997,938,32,938,32
Purdue Pharma L.P.,1114102910,108.15,1195,41,1195,41
Purdue Pharma L.P.,1114185402,61.900002,930,31,930,31
Purdue Pharma L.P.,1114189792,42.209999,465,16,465,16
Purdue Pharma L.P.,1114925831,22.74,560,20,560,20
Purdue Pharma L.P.,1114932829,242.39999,712,24,712,24
Purdue Pharma L.P.,1124009188,64.790001,824,28,824,28
Purdue Pharma L.P.,1124013511,11.01,963,34,963,34
Purdue Pharma L.P.,1124015367,99.080002,1969,93,1969,93
Purdue Pharma L.P.,1124021605,28.059999,291,11,291,11
Purdue Pharma L.P.,1124137088,236.98,12750,425,12750,425
Purdue Pharma L.P.,1124204136,33.259998,1014,35,1014,35
Purdue Pharma L.P.,1124226907,68.169998,591,21,591,21
Purdue Pharma L.P.,1124227103,190.11,2829,98,2829,98
Purdue Pharma L.P.,1124348784,55.75,675,24,675,24
Purdue Pharma L.P.,1134102957,20.780001,522,20,522,20
Purdue Pharma L.P.,1134103666,32.740002,840,28,840,28
Purdue Pharma L.P.,1134192610,18.9,315,12,315,12
Purdue Pharma L.P.,1134276736,178.58,2207,77,2207,77
Purdue Pharma L.P.,1144213646,28.440001,2909,98,2909,98
Purdue Pharma L.P.,1144213745,47.029999,810,27,810,27
Purdue Pharma L.P.,1144291147,90.139999,390,13,390,13
Purdue Pharma L.P.,1144292764,107.69,504,18,504,18
Purdue Pharma L.P.,1154312569,17.43,1184,45,1184,45
Purdue Pharma L.P.,1154321891,140.52,3623,122,3623,122
Purdue Pharma L.P.,1154328136,152.50999,2910,97,2910,97
Purdue Pharma L.P.,1154331452,56.240002,342,11,342,11
Purdue Pharma L.P.,1154335321,22.24,605,21,605,21
Purdue Pharma L.P.,1154344877,25.959999,780,26,780,26
Purdue Pharma L.P.,1154351294,40.459999,360,12,360,12
Purdue Pharma L.P.,1154372290,165.83,630,22,630,22
Purdue Pharma L.P.,1154382604,15.2,450,15,450,15
Purdue Pharma L.P.,1154385565,40.52,720,24,720,24
Purdue Pharma L.P.,1154412138,35.400002,631,22,631,22
Purdue Pharma L.P.,1154532612,106.9,3215,116,3215,116
Purdue Pharma L.P.,1164406344,35.07,616,22,616,22
Purdue Pharma L.P.,1164434015,132.33,1518,58,1518,58
Purdue Pharma L.P.,1164492831,35.189999,314,17,314,17
Purdue Pharma L.P.,1164587697,108.1,5163,174,5163,174
Purdue Pharma L.P.,1164697124,15.94,370,17,370,17
Purdue Pharma L.P.,1174518237,18.16,450,15,450,15
Purdue Pharma L.P.,1174526180,85.519997,2414,85,2414,85
Purdue Pharma L.P.,1174548499,38.639999,1206,41,1206,41
Purdue Pharma L.P.,1174564504,13.14,600,20,600,20
Purdue Pharma L.P.,1174568612,26.02,670,22,670,22
Purdue Pharma L.P.,1174593958,18.85,1290,43,1290,43
Purdue Pharma L.P.,1174740419,57.830002,1842,65,1842,65
Purdue Pharma L.P.,1174751929,159.32001,3413,117,3413,117
Purdue Pharma L.P.,1184622391,23.25,808,28,808,28
Purdue Pharma L.P.,1184629552,14.57,360,12,360,12
Purdue Pharma L.P.,1184642407,98.349998,450,15,450,15
Purdue Pharma L.P.,1184660474,152.09,2677,89,2677,89
Purdue Pharma L.P.,1184666554,35.139999,360,12,360,12
Purdue Pharma L.P.,1194731547,61.209999,4514,168,4514,168
Purdue Pharma L.P.,1194769596,12.96,386,29,386,29
Purdue Pharma L.P.,1194777466,164.73,1086,43,1086,43
Purdue Pharma L.P.,1194791574,23.129999,2460,82,2460,82
Purdue Pharma L.P.,1205868668,186.23,3636,123,3636,123
Purdue Pharma L.P.,1205883139,33.59,540,18,540,18
Purdue Pharma L.P.,1205890258,69.559998,1561,63,1561,63
Purdue Pharma L.P.,1215032958,40.009998,374,13,374,13
Purdue Pharma L.P.,1215049762,19.469999,800,27,800,27
Purdue Pharma L.P.,1215071972,16.18,1890,63,1890,63
Purdue Pharma L.P.,1215082656,29.450001,864,30,864,30
Purdue Pharma L.P.,1215943568,38.009998,1028,37,1028,37
Purdue Pharma L.P.,1215990585,12.78,960,32,960,32
Purdue Pharma L.P.,1225021439,61.450001,2952,99,2952,99
Purdue Pharma L.P.,1225144520,10.65,3110,104,3110,104
Purdue Pharma L.P.,1235122300,16.4,800,27,800,27
Purdue Pharma L.P.,1235152406,31.049999,518,33,518,33
Purdue Pharma L.P.,1235171646,28.639999,3558,120,3558,120
Purdue Pharma L.P.,1235173808,94.879997,532,19,532,19
Purdue Pharma L.P.,1235215567,12.38,450,15,450,15
Purdue Pharma L.P.,1235296039,14.3,3810,130,3810,130
Purdue Pharma L.P.,1235353848,11.84,337,30,337,30
Purdue Pharma L.P.,1235427246,105.34,366,13,366,13
Purdue Pharma L.P.,1245285741,168.64999,16831,574,16831,574
Purdue Pharma L.P.,1245292556,19.58,810,27,810,27
Purdue Pharma L.P.,1245394295,48.41,702,25,702,25
Purdue Pharma L.P.,1255331088,28.76,991,34,991,34
Purdue Pharma L.P.,1265431811,40.869999,1168,40,1168,40
Purdue Pharma L.P.,1265548648,123.06,2381,94,2381,94
Purdue Pharma L.P.,1275517930,12.9,746,47,746,47
Purdue Pharma L.P.,1275519530,12.53,1874,65,1874,65
Purdue Pharma L.P.,1275522914,33.25,822,40,822,40
Purdue Pharma L.P.,1275585481,68.559998,6498,217,6498,217
Purdue Pharma L.P.,1275586679,53.43,1770,59,1770,59
Purdue Pharma L.P.,1275597619,12.72,834,66,834,66
Purdue Pharma L.P.,1275691982,42.310001,360,12,360,12
Purdue Pharma L.P.,1285607002,71.209999,1073,36,1073,36
Purdue Pharma L.P.,1285630681,15.14,666,18,666,18
Purdue Pharma L.P.,1285650994,68.379997,825,28,825,28
Purdue Pharma L.P.,1285799379,47.549999,420,14,420,14
Purdue Pharma L.P.,1285847699,50.369999,880,30,880,30
Purdue Pharma L.P.,1285958579,13.36,364,13,364,13
Purdue Pharma L.P.,1295000586,19.690001,500,17,500,17
Purdue Pharma L.P.,1295723047,69.190002,1110,37,1110,37
Purdue Pharma L.P.,1295728285,64.949997,1230,25,1230,25
Purdue Pharma L.P.,1295733301,58.59,360,12,360,12
Purdue Pharma L.P.,1295736742,28.4,1513,50,1513,50
Purdue Pharma L.P.,1295765030,13.78,510,13,510,13
Purdue Pharma L.P.,1306805817,18.24,1320,40,1320,40
Purdue Pharma L.P.,1306823992,24.059999,401,14,401,14
Purdue Pharma L.P.,1306837091,11.93,720,24,720,24
Purdue Pharma L.P.,1306879838,62.77,570,13,570,13
Purdue Pharma L.P.,1306885025,20,1687,108,1687,108
Purdue Pharma L.P.,1306935036,11.18,1794,64,1794,64
Purdue Pharma L.P.,1306954722,34.18,510,17,510,17
Purdue Pharma L.P.,1316042591,35.630001,810,27,810,27
Purdue Pharma L.P.,1316108269,60.09,694,37,694,37
Purdue Pharma L.P.,1316974579,11.32,1035,35,1035,35
Purdue Pharma L.P.,1326005786,143.27,333,11,333,11
Purdue Pharma L.P.,1336107887,18.360001,390,13,390,13
Purdue Pharma L.P.,1336124916,75.040001,1080,36,1080,36
Purdue Pharma L.P.,1336149186,13.23,4595,114,4595,114
Purdue Pharma L.P.,1336155043,18.77,330,11,330,11
Purdue Pharma L.P.,1336159508,274.89001,3251,111,3251,111
Purdue Pharma L.P.,1346204328,38.459999,360,12,360,12
Purdue Pharma L.P.,1346230844,53.139999,1530,65,1530,65
Purdue Pharma L.P.,1346283637,41.77,3474,117,3474,117
Purdue Pharma L.P.,1346320017,39.779999,538,19,538,19
Purdue Pharma L.P.,1346546090,41.950001,738,24,738,24
Purdue Pharma L.P.,1356317267,13.65,501,35,501,35
Purdue Pharma L.P.,1356338792,436.35999,2542,92,2542,92
Purdue Pharma L.P.,1356374193,66.169998,2004,64,2004,64
Purdue Pharma L.P.,1356383368,12.17,3622,121,3622,121
Purdue Pharma L.P.,1356383442,13.75,930,31,930,31
Purdue Pharma L.P.,1356417166,19.799999,720,24,720,24
Purdue Pharma L.P.,1366402208,103,2640,88,2640,88
Purdue Pharma L.P.,1366434110,44.279999,1469,50,1469,50
Purdue Pharma L.P.,1366472979,14.8,360,12,360,12
Purdue Pharma L.P.,1366485583,13.26,1904,67,1904,67
Purdue Pharma L.P.,1366555104,92.790001,2423,83,2423,83
Purdue Pharma L.P.,1366563744,230.62,308,11,308,11
Purdue Pharma L.P.,1366705808,14.17,336,12,336,12
Purdue Pharma L.P.,1366795080,25.59,2225,76,2225,76
Purdue Pharma L.P.,1376507517,11.32,336,12,336,12
Purdue Pharma L.P.,1376508028,65.599998,690,23,690,23
Purdue Pharma L.P.,1376515122,19.57,315,11,315,11
Purdue Pharma L.P.,1376567610,110.28,2350,80,2350,80
Purdue Pharma L.P.,1376569418,40.459999,340,12,340,12
Purdue Pharma L.P.,1376582841,26.74,392,14,392,14
Purdue Pharma L.P.,1376648238,23.98,1350,46,1350,46
Purdue Pharma L.P.,1376703132,81.690002,3444,119,3444,119
Purdue Pharma L.P.,1376738633,70.769997,747,29,747,29
Purdue Pharma L.P.,1386671436,15676.85,1373,45,1373,45
Purdue Pharma L.P.,1386679934,13.21,1066,39,1066,39
Purdue Pharma L.P.,1386955326,11.41,3044,108,3044,108
Purdue Pharma L.P.,1396709945,11.53,517,22,517,22
Purdue Pharma L.P.,1396737805,14.95,480,16,480,16
Purdue Pharma L.P.,1396743324,14.14,2040,68,2040,68
Purdue Pharma L.P.,1396780409,219.55,5857,202,5857,202
Purdue Pharma L.P.,1407016736,20.139999,450,15,450,15
Purdue Pharma L.P.,1407267099,54.32,478,16,478,16
Purdue Pharma L.P.,1407819162,16.790001,464,31,464,31
Purdue Pharma L.P.,1417118506,150.53999,616,16,616,16
Purdue Pharma L.P.,1417224684,136.73,7182,245,7182,245
Purdue Pharma L.P.,1417225277,121.45,690,23,690,23
Purdue Pharma L.P.,1417915810,36.759998,5880,233,5880,233
Purdue Pharma L.P.,1417917493,26.02,570,19,570,19
Purdue Pharma L.P.,1417937715,58.880001,780,26,780,26
Purdue Pharma L.P.,1417949173,31.65,1585,53,1585,53
Purdue Pharma L.P.,1417967191,17.549999,1250,38,1250,38
Purdue Pharma L.P.,1427005735,28.17,278,25,278,25
Purdue Pharma L.P.,1427011006,112.85,2824,95,2824,95
Purdue Pharma L.P.,1427021351,227.42,4680,152,4680,152
Purdue Pharma L.P.,1427024728,68.800003,2707,91,2707,91
Purdue Pharma L.P.,1427040088,27.08,287,12,287,12
Purdue Pharma L.P.,1427056555,323.45001,7700,261,7700,261
Purdue Pharma L.P.,1427088525,95.410004,390,13,390,13
Purdue Pharma L.P.,1437109543,38.599998,360,12,360,12
Purdue Pharma L.P.,1437124468,110.78,2588,87,2891,98
Purdue Pharma L.P.,1437140837,17.43,1115,36,1115,36
Purdue Pharma L.P.,1437156098,14.17,510,17,510,17
Purdue Pharma L.P.,1437175544,44.16,900,30,900,30
Purdue Pharma L.P.,1437288776,167.92,1202,40,1202,40
Purdue Pharma L.P.,1437353943,38.209999,645,22,645,22
Purdue Pharma L.P.,1447200258,62.619999,930,31,930,31
Purdue Pharma L.P.,1447220272,56.630001,1440,48,1440,48
Purdue Pharma L.P.,1447224118,52.439999,544,19,544,19
Purdue Pharma L.P.,1447419981,118.79,520,18,520,18
Purdue Pharma L.P.,1457350522,14.15,402,13,402,13
Purdue Pharma L.P.,1457356503,56.080002,765,26,765,26
Purdue Pharma L.P.,1457369233,155.05,1267,43,1267,43
Purdue Pharma L.P.,1457377715,17.860001,660,22,660,22
Purdue Pharma L.P.,1457463648,20.799999,444,18,444,18
Purdue Pharma L.P.,1457470429,50.380001,1160,40,1160,40
Purdue Pharma L.P.,1457631467,14.88,175,21,175,21
Purdue Pharma L.P.,1467426916,47.950001,820,33,820,33
Purdue Pharma L.P.,1467451476,76.110001,930,31,930,31
Purdue Pharma L.P.,1467482760,67.239998,326,18,326,18
Purdue Pharma L.P.,1467614016,50.07,2604,89,2604,89
Purdue Pharma L.P.,1477513711,56.650002,1496,68,1496,68
Purdue Pharma L.P.,1477523140,64.230003,820,30,820,30
Purdue Pharma L.P.,1477559920,13.84,284,11,284,11
Purdue Pharma L.P.,1477623494,13.73,1722,135,1722,135
Purdue Pharma L.P.,1487639910,47,642,26,642,26
Purdue Pharma L.P.,1487646410,12.76,598,19,598,19
Purdue Pharma L.P.,1487670246,38.060001,615,21,615,21
Purdue Pharma L.P.,1487966073,80.269997,331,12,331,12
Purdue Pharma L.P.,1497716849,22.18,555,21,555,21
Purdue Pharma L.P.,1497725709,17.190001,1251,57,1251,57
Purdue Pharma L.P.,1497738934,173.94,4602,158,4992,171
Purdue Pharma L.P.,1497747588,11.37,450,15,450,15
Purdue Pharma L.P.,1497750905,39.799999,363,13,363,13
Purdue Pharma L.P.,1497755631,70.290001,1353,54,1353,54
Purdue Pharma L.P.,1497789135,37.799999,1104,42,1104,42
Purdue Pharma L.P.,1497795058,21.82,330,11,330,11
Purdue Pharma L.P.,1497803514,149.53,756,26,756,26
Purdue Pharma L.P.,1508807330,36.98,1080,36,1080,36
Purdue Pharma L.P.,1508825548,22.379999,660,16,660,16
Purdue Pharma L.P.,1508854274,46.560001,1595,54,1595,54
Purdue Pharma L.P.,1518007020,55.259998,350,22,350,22
Purdue Pharma L.P.,1518054204,28.08,364,13,364,13
Purdue Pharma L.P.,1518056472,106.79,5710,192,5710,192
Purdue Pharma L.P.,1518929801,39.990002,508,18,508,18
Purdue Pharma L.P.,1518967884,18.690001,390,15,390,15
Purdue Pharma L.P.,1518970516,33.490002,314,11,314,11
Purdue Pharma L.P.,1528007176,28.09,203,17,203,17
Purdue Pharma L.P.,1528050168,25.27,330,11,330,11
Purdue Pharma L.P.,1528051745,13.73,3360,113,3360,113
Purdue Pharma L.P.,1528064318,79.519997,2010,60,2010,60
Purdue Pharma L.P.,1528087764,86.449997,390,13,390,13
Purdue Pharma L.P.,1528407392,79.599998,1699,55,1699,55
Purdue Pharma L.P.,1538113360,207.09,3628,122,3628,122
Purdue Pharma L.P.,1538198353,16.16,1809,61,1809,61
Purdue Pharma L.P.,1538318233,24.77,719,27,719,27
Purdue Pharma L.P.,1538328869,17.35,1245,46,1245,46
Purdue Pharma L.P.,1548203839,215.60001,4724,159,4724,159
Purdue Pharma L.P.,1548209752,48.599998,202,11,202,11
Purdue Pharma L.P.,1548224892,18.91,494,25,494,25
Purdue Pharma L.P.,1548239429,63.130001,1074,50,1074,50
Purdue Pharma L.P.,1548242886,12.55,360,12,360,12
Purdue Pharma L.P.,1548243660,12.15,1070,38,1070,38
Purdue Pharma L.P.,1548247679,12.08,2352,64,2352,64
Purdue Pharma L.P.,1548280720,10.52,364,13,364,13
Purdue Pharma L.P.,1548380124,85.610001,5873,198,5873,198
Purdue Pharma L.P.,1558306670,111.71,2645,92,2645,92
Purdue Pharma L.P.,1558324343,10.71,293,28,293,28
Purdue Pharma L.P.,1558324814,12.78,317,12,317,12
Purdue Pharma L.P.,1558342691,34.73,154,11,154,11
Purdue Pharma L.P.,1558353722,157.64,1020,34,1020,34
Purdue Pharma L.P.,1558361790,217.21001,5811,208,5811,208
Purdue Pharma L.P.,1558387308,70.669998,2922,99,2922,99
Purdue Pharma L.P.,1558399717,17.780001,663,28,663,28
Purdue Pharma L.P.,1558464404,10.46,1908,66,1908,66
Purdue Pharma L.P.,1558687996,78.330002,880,30,880,30
Purdue Pharma L.P.,1568441673,25.91,1245,42,1245,42
Purdue Pharma L.P.,1568460467,64.440002,555,19,555,19
Purdue Pharma L.P.,1568490514,63.110001,393,38,393,38
Purdue Pharma L.P.,1568559045,146.13,1080,36,1080,36
Purdue Pharma L.P.,1568675270,18.65,1050,35,1050,35
Purdue Pharma L.P.,1578500799,49.689999,1275,43,1275,43
Purdue Pharma L.P.,1578513560,49.439999,588,42,588,42
Purdue Pharma L.P.,1578526380,69.129997,360,12,360,12
Purdue Pharma L.P.,1578528410,24.15,360,12,360,12
Purdue Pharma L.P.,1578556536,147.38,2835,114,2835,114
Purdue Pharma L.P.,1588618730,68.019997,1245,42,1245,42
Purdue Pharma L.P.,1588638894,135.42,5661,191,5661,191
Purdue Pharma L.P.,1588642292,66.5,2850,95,2850,95
Purdue Pharma L.P.,1588649701,220.03,2837,106,2837,106
Purdue Pharma L.P.,1588767180,32.669998,390,14,390,14
Purdue Pharma L.P.,1588827828,142.00999,870,29,870,29
Purdue Pharma L.P.,1588861710,235.67999,2036,69,2036,69
Purdue Pharma L.P.,1598056293,95.800003,5588,188,5588,188
Purdue Pharma L.P.,1598729055,15.96,1230,41,1230,41
Purdue Pharma L.P.,1598739922,10.84,364,13,364,13
Purdue Pharma L.P.,1598742512,12.98,390,13,390,13
Purdue Pharma L.P.,1598756371,24.48,390,13,390,13
Purdue Pharma L.P.,1598766115,19.120001,880,31,880,31
Purdue Pharma L.P.,1598767816,76.540001,341,14,341,14
Purdue Pharma L.P.,1598788689,75.139999,2118,109,2118,109
Purdue Pharma L.P.,1598827792,11.83,360,12,360,12
Purdue Pharma L.P.,1598853301,127.41,390,13,390,13
Purdue Pharma L.P.,1609002195,49.68,766,26,766,26
Purdue Pharma L.P.,1609037027,27.82,600,20,600,20
Purdue Pharma L.P.,1609856723,32.939999,1098,31,1098,31
Purdue Pharma L.P.,1609869072,12.83,776,27,776,27
Purdue Pharma L.P.,1609873991,57.68,486,26,486,26
Purdue Pharma L.P.,1619102233,10.74,681,24,681,24
Purdue Pharma L.P.,1619165867,175.89,1852,63,1852,63
Purdue Pharma L.P.,1619902178,10.57,340,12,340,12
Purdue Pharma L.P.,1619975984,109.42,3170,111,3170,111
Purdue Pharma L.P.,1629015680,17.98,206,20,206,20
Purdue Pharma L.P.,1629017322,12.75,420,15,420,15
Purdue Pharma L.P.,1629019211,57.540001,695,24,695,24
Purdue Pharma L.P.,1629025093,13.14,1063,23,1063,23
Purdue Pharma L.P.,1629032776,16.450001,640,22,640,22
Purdue Pharma L.P.,1629038393,10.5,1888,104,1888,104
Purdue Pharma L.P.,1629049804,10.53,327,11,327,11
Purdue Pharma L.P.,1629052188,70.300003,2394,83,2394,83
Purdue Pharma L.P.,1629064530,11.63,308,11,308,11
Purdue Pharma L.P.,1629066329,267.10999,6574,223,6574,223
Purdue Pharma L.P.,1629082763,59.169998,1605,58,1605,58
Purdue Pharma L.P.,1629097571,33.029999,3025,103,3025,103
Purdue Pharma L.P.,1639118458,17.77,1530,57,1530,57
Purdue Pharma L.P.,1639118797,61.130001,720,24,720,24
Purdue Pharma L.P.,1639141492,13.19,391,14,391,14
Purdue Pharma L.P.,1639195423,70.769997,1779,62,1779,62
Purdue Pharma L.P.,1639366727,114.5,330,11,330,11
Purdue Pharma L.P.,1639394034,27.9,1898,102,1898,102
Purdue Pharma L.P.,1649210683,17.110001,281,22,281,22
Purdue Pharma L.P.,1649256843,74.239998,422,30,422,30
Purdue Pharma L.P.,1649341983,120.96,970,33,970,33
Purdue Pharma L.P.,1649429986,80.129997,450,15,450,15
Purdue Pharma L.P.,1649457797,19.690001,3188,97,3188,97
Purdue Pharma L.P.,1659309953,47.77,390,13,390,13
Purdue Pharma L.P.,1659384014,31.23,3581,121,3581,121
Purdue Pharma L.P.,1669457982,106.93,815,36,815,36
Purdue Pharma L.P.,1669460481,122.05,1368,46,1368,46
Purdue Pharma L.P.,1669468583,11.63,345,12,345,12
Purdue Pharma L.P.,1669481578,114.52,2550,85,2550,85
Purdue Pharma L.P.,1669494985,30.370001,1420,50,1420,50
Purdue Pharma L.P.,1669704607,14.98,363,13,363,13
Purdue Pharma L.P.,1679534226,27,148,14,148,14
Purdue Pharma L.P.,1679537567,62.080002,2838,95,2838,95
Purdue Pharma L.P.,1679540140,154.75999,1100,38,1100,38
Purdue Pharma L.P.,1679558746,48.119999,360,11,360,11
Purdue Pharma L.P.,1679573398,35.119999,360,12,360,12
Purdue Pharma L.P.,1679789010,179.02,5144,178,5144,178
Purdue Pharma L.P.,1679797567,25,720,16,720,16
Purdue Pharma L.P.,1689617789,10.64,479,17,479,17
Purdue Pharma L.P.,1689625675,17.280001,360,12,360,12
Purdue Pharma L.P.,1689652786,23.08,990,34,990,34
Purdue Pharma L.P.,1689689341,63.119999,1547,56,1547,56
Purdue Pharma L.P.,1699708099,40.459999,1245,27,1245,27
Purdue Pharma L.P.,1699719591,106.1,720,24,720,24
Purdue Pharma L.P.,1699752162,13.75,330,11,330,11
Purdue Pharma L.P.,1699773481,11.14,390,13,390,13
Purdue Pharma L.P.,1699774695,138.09,720,24,720,24
Purdue Pharma L.P.,1699776369,13.62,314,11,314,11
Purdue Pharma L.P.,1700851730,14.23,810,23,810,23
Purdue Pharma L.P.,1700856382,26.82,720,40,720,40
Purdue Pharma L.P.,1700886819,26.82,406,16,406,16
Purdue Pharma L.P.,1700913456,100.71,15679,540,15679,540
Purdue Pharma L.P.,1710036926,51.939999,583,22,583,22
Purdue Pharma L.P.,1710132139,156.28,448,14,448,14
Purdue Pharma L.P.,1710919139,146.50999,320,11,320,11
Purdue Pharma L.P.,1710927306,45.860001,812,29,812,29
Purdue Pharma L.P.,1710932769,28.73,480,17,480,17
Purdue Pharma L.P.,1710938246,53.490002,734,25,734,25
Purdue Pharma L.P.,1710947197,23.09,1782,66,1782,66
Purdue Pharma L.P.,1710955463,13.18,600,21,600,21
Purdue Pharma L.P.,1710979224,47.790001,1388,47,1388,47
Purdue Pharma L.P.,1710988092,14.64,660,18,660,18
Purdue Pharma L.P.,1720053549,34.34,210,11,210,11
Purdue Pharma L.P.,1720074487,40.709999,1104,38,1104,38
Purdue Pharma L.P.,1720375793,265.57999,2692,92,2692,92
Purdue Pharma L.P.,1730103177,278.39999,316,11,316,11
Purdue Pharma L.P.,1730167776,252,9512,317,9512,317
Purdue Pharma L.P.,1730180308,61.889999,390,13,390,13
Purdue Pharma L.P.,1730325580,42,469,36,469,36
Purdue Pharma L.P.,1730477381,94.870003,538,19,538,19
Purdue Pharma L.P.,1740280304,15.53,2016,63,2016,63
Purdue Pharma L.P.,1740287127,156.57001,2286,77,2286,77
Purdue Pharma L.P.,1740296615,62.66,915,31,915,31
Purdue Pharma L.P.,1740363035,11.48,780,26,780,26
Purdue Pharma L.P.,1740475482,129.99001,553,31,553,31
Purdue Pharma L.P.,1750320461,146.75999,2939,101,2939,101
Purdue Pharma L.P.,1750345880,50.560001,480,16,480,16
Purdue Pharma L.P.,1750351003,107.12,3647,116,3647,116
Purdue Pharma L.P.,1750408381,12,450,15,450,15
Purdue Pharma L.P.,1750566956,66.330002,718,36,718,36
Purdue Pharma L.P.,1750695839,72.599998,2480,82,2480,82
Purdue Pharma L.P.,1760456214,38.48,1072,37,1072,37
Purdue Pharma L.P.,1760458244,11.94,475,22,475,22
Purdue Pharma L.P.,1760478424,64.470001,1189,41,1189,41
Purdue Pharma L.P.,1760478697,70.230003,2916,126,2916,126
Purdue Pharma L.P.,1760484521,24.610001,330,11,330,11
Purdue Pharma L.P.,1760531545,186.69,1098,38,1098,38
Purdue Pharma L.P.,1760577324,12849.83,6188,195,6188,195
Purdue Pharma L.P.,1760589824,48.119999,4844,163,4844,163
Purdue Pharma L.P.,1760638050,11.24,926,27,926,27
Purdue Pharma L.P.,1770527657,27.4,518,25,518,25
Purdue Pharma L.P.,1770550766,17.610001,355,12,355,12
Purdue Pharma L.P.,1770556847,37.130001,984,30,984,30
Purdue Pharma L.P.,1770558413,128.5,2466,77,2466,77
Purdue Pharma L.P.,1770563645,25.77,10294,313,10294,313
Purdue Pharma L.P.,1770581100,73.07,390,13,390,13
Purdue Pharma L.P.,1770599516,13.13,948,36,948,36
Purdue Pharma L.P.,1770844185,11.44,750,25,750,25
Purdue Pharma L.P.,1780681262,24.15,1200,40,1200,40
Purdue Pharma L.P.,1780682815,40.459999,972,33,972,33
Purdue Pharma L.P.,1780738633,23.59,988,34,988,34
Purdue Pharma L.P.,1780743914,125.41,510,17,510,17
Purdue Pharma L.P.,1780767319,156.42999,7567,257,7567,257
Purdue Pharma L.P.,1780784389,79.139999,780,26,780,26
Purdue Pharma L.P.,1790760601,11.66,510,17,510,17
Purdue Pharma L.P.,1790769172,16.73,241,21,241,21
Purdue Pharma L.P.,1790788594,20.139999,342,12,342,12
Purdue Pharma L.P.,1790971273,40.98,901,31,901,31
Purdue Pharma L.P.,1801810247,49.349998,674,23,674,23
Purdue Pharma L.P.,1801821194,55.369999,402,14,402,14
Purdue Pharma L.P.,1801824354,134.97,1260,42,1260,42
Purdue Pharma L.P.,1801853379,173.32001,384,14,384,14
Purdue Pharma L.P.,1801878145,24.48,585,26,585,26
Purdue Pharma L.P.,1801881586,37.41,3033,104,3033,104
Purdue Pharma L.P.,1801930896,23.299999,360,12,360,12
Purdue Pharma L.P.,1801935903,10.42,1211,42,1211,42
Purdue Pharma L.P.,1811187099,108.43,1647,56,1647,56
Purdue Pharma L.P.,1811949381,133.58,2118,68,2118,68
Purdue Pharma L.P.,1811983927,34.18,157,14,157,14
Purdue Pharma L.P.,1821034158,49.759998,317,11,317,11
Purdue Pharma L.P.,1821080219,25.84,810,27,810,27
Purdue Pharma L.P.,1821085572,13.76,900,30,900,30
Purdue Pharma L.P.,1821160276,19.959999,930,31,930,31
Purdue Pharma L.P.,1831163252,12.45,1021,37,1021,37
Purdue Pharma L.P.,1831165877,26.709999,565,19,565,19
Purdue Pharma L.P.,1831191089,105.76,3250,110,3250,110
Purdue Pharma L.P.,1831197946,153.22,4878,169,4878,169
Purdue Pharma L.P.,1831202654,51.59,570,19,570,19
Purdue Pharma L.P.,1831214535,124.64,7747,278,7747,278
Purdue Pharma L.P.,1831313352,81.760002,5295,188,5295,188
Purdue Pharma L.P.,1831353507,24.389999,273,12,273,12
Purdue Pharma L.P.,1841255643,190.89,2136,70,2136,70
Purdue Pharma L.P.,1851356372,25.530001,720,24,720,24
Purdue Pharma L.P.,1851384085,131.10001,4473,171,4473,171
Purdue Pharma L.P.,1851554927,130.33,817,29,817,29
Purdue Pharma L.P.,1861462798,224.08,2863,97,2863,97
Purdue Pharma L.P.,1861494023,101.51,2552,82,2552,82
Purdue Pharma L.P.,1861710980,39.439999,3029,101,3029,101
Purdue Pharma L.P.,1871553842,26.02,360,12,360,12
Purdue Pharma L.P.,1871563411,55.290001,478,17,478,17
Purdue Pharma L.P.,1871570465,12.13,1076,54,1076,54
Purdue Pharma L.P.,1871695809,39.889999,750,25,750,25
Purdue Pharma L.P.,1871820050,32.48,494,14,494,14
Purdue Pharma L.P.,1881628154,46.720001,1118,40,1118,40
Purdue Pharma L.P.,1881638781,132.81,3295,110,3295,110
Purdue Pharma L.P.,1881650802,16.1,1042,34,1042,34
Purdue Pharma L.P.,1881656023,39.990002,420,14,420,14
Purdue Pharma L.P.,1881687721,16.809999,1129,46,1129,46
Purdue Pharma L.P.,1881763613,14.19,315,11,315,11
Purdue Pharma L.P.,1881797009,40.59,2095,74,2095,74
Purdue Pharma L.P.,1881846749,28.58,2156,73,2156,73
Purdue Pharma L.P.,1881870905,107.05,310,11,310,11
Purdue Pharma L.P.,1891768511,107.76,1394,53,1394,53
Purdue Pharma L.P.,1891792099,25.719999,1104,39,1104,39
Purdue Pharma L.P.,1902805252,111.51,1896,60,1896,60
Purdue Pharma L.P.,1902824360,26.67,2387,95,2387,95
Purdue Pharma L.P.,1902846405,11.66,2198,109,2198,109
Purdue Pharma L.P.,1902893027,24.77,900,30,900,30
Purdue Pharma L.P.,1902898174,139.08,504,14,504,14
Purdue Pharma L.P.,1902898539,37.669998,668,42,668,42
Purdue Pharma L.P.,1902901135,178.10001,6628,228,6628,228
Purdue Pharma L.P.,1912009598,39.889999,450,15,450,15
Purdue Pharma L.P.,1912015132,64.150002,387,13,387,13
Purdue Pharma L.P.,1912907130,104.9,6895,232,6895,232
Purdue Pharma L.P.,1912908294,14.15,2101,64,2101,64
Purdue Pharma L.P.,1912946617,12.75,360,12,360,12
Purdue Pharma L.P.,1912968702,75.669998,1095,37,1095,37
Purdue Pharma L.P.,1912971219,12.35,540,18,540,18
Purdue Pharma L.P.,1912979436,14.78,858,37,858,37
Purdue Pharma L.P.,1912984170,10.86,420,14,420,14
Purdue Pharma L.P.,1922008820,12.47,434,18,434,18
Purdue Pharma L.P.,1922158849,60.32,1015,34,1015,34
Purdue Pharma L.P.,1922196724,121.87,1426,45,1426,45
Purdue Pharma L.P.,1922267327,102.45,14593,499,14593,499
Purdue Pharma L.P.,1932107588,217.41,450,15,450,15
Purdue Pharma L.P.,1932149929,238.46001,1053,36,1053,36
Purdue Pharma L.P.,1932177086,10.42,1012,38,1012,38
Purdue Pharma L.P.,1932191558,15.9,364,13,364,13
Purdue Pharma L.P.,1932362944,117.53,14210,489,14210,489
Purdue Pharma L.P.,1932426566,33.919998,340,12,340,12
Purdue Pharma L.P.,1932536232,12.17,227,18,227,18
Purdue Pharma L.P.,1942238159,11.12,876,81,876,81
Purdue Pharma L.P.,1942293360,61.490002,360,12,360,12
Purdue Pharma L.P.,1942294228,70.75,480,16,480,16
Purdue Pharma L.P.,1952320384,25.379999,330,11,330,11
Purdue Pharma L.P.,1952346983,275.72,1770,59,1770,59
Purdue Pharma L.P.,1952364044,178.3,797,33,797,33
Purdue Pharma L.P.,1952392367,14.01,1484,46,1484,46
Purdue Pharma L.P.,1952398604,237.82001,715,24,715,24
Purdue Pharma L.P.,1952400475,75.779999,404,14,404,14
Purdue Pharma L.P.,1952465239,23.459999,1765,62,1765,62
Purdue Pharma L.P.,1952563660,35.77,2888,93,2888,93
Purdue Pharma L.P.,1962402479,69.139999,360,12,360,12
Purdue Pharma L.P.,1962428094,25.049999,390,13,390,13
Purdue Pharma L.P.,1962476267,62.650002,1988,68,1988,68
Purdue Pharma L.P.,1962485573,86.110001,936,33,936,33
Purdue Pharma L.P.,1962596130,23.309999,630,21,630,21
Purdue Pharma L.P.,1972520401,11.25,964,33,964,33
Purdue Pharma L.P.,1972539807,128.17,1060,46,1060,46
Purdue Pharma L.P.,1972567402,24.58,390,13,390,13
Purdue Pharma L.P.,1972579126,68.330002,450,15,450,15
Purdue Pharma L.P.,1972728145,159.58,1422,49,1422,49
Purdue Pharma L.P.,1982600987,38.18,990,33,990,33
Purdue Pharma L.P.,1982606182,165.69,4170,141,4170,141
Purdue Pharma L.P.,1982626818,554.98999,2707,91,2707,91
Purdue Pharma L.P.,1982636841,73.050003,1200,40,1200,40
Purdue Pharma L.P.,1982688115,79.269997,624,22,624,22
Purdue Pharma L.P.,1982830741,47.16,480,16,480,16
Purdue Pharma L.P.,1992703052,27.57,714,26,714,26
Purdue Pharma L.P.,1992744197,69.790001,1142,39,1142,39
Purdue Pharma L.P.,1992778104,11.96,881,35,881,35
Purdue Pharma L.P.,1992790927,113.65,6113,205,6113,205
Purdue Pharma L.P.,1992805519,35.400002,720,26,720,26
Purdue Pharma L.P.,1992825459,182.99001,504,18,504,18
Purdue Pharma L.P.,1992841944,13.52,375,12,375,12
"Sentynl Therapeutics, Inc.",1083614192,124.85,350,24,760,53
"Sentynl Therapeutics, Inc.",1376648238,104.73,1020,34,2292,84
"Sentynl Therapeutics, Inc.",1629082763,21.959999,319,15,319,15
"Sentynl Therapeutics, Inc.",1760577324,60.84,771,26,771,26
"Sentynl Therapeutics, Inc.",1811187099,109.35,5010,167,6402,225
"Sentynl Therapeutics, Inc.",1861710980,148.03,510,17,510,17
